u,v,years_ahead,probability,v_career_length,director_overlap
עודד_לאופולד,עלי_סלימאן,1,0.3765685025476168,1,0
אברהם_סלקטר,אורנה_בנאי,1,0.25362343409402865,9,1
גילת_אנקורי,קובי_פרג',1,0.4047896095969859,2,1
גילת_אנקורי,דודו_טסה,1,0.06955296008681694,1,1
הילה_פלדמן,מיקי_לאון,1,0.4235320973378531,5,1
מרים_זוהר,עודד_תאומי,1,0.31380852966861944,51,0
מאור_שוויצר,רועי_ניק,1,0.46280328529466874,1,0
אליאנה_תדהר,נעמי_לבוב,1,0.2730635022913516,1,0
אודי_פרסי,אנה_דוברוביצקי,1,0.2669989429148263,1,0
איציק_כהן_(שחקן),חיים_זנאתי,1,0.298330361944694,3,1
אליאנה_תדהר,דניאל_גד,1,0.20937207820060816,1,0
יואב_דונט,תמר_אלקן,1,0.4386018167514675,1,1
אברהם_סלקטר,אוולין_הגואל,1,0.44312336434660066,4,1
אורלי_פרל,שני_קליין,1,0.07548001356500167,1,0
נטע_שפיגלמן,עלי_סלימאן,1,0.4167904324874621,1,1
אורנה_בנאי,יגאל_נאור,1,0.48498480807181127,18,1
אברהם_סלקטר,איציק_כהן_(שחקן),1,0.19421545148699912,1,1
איציק_כהן_(שחקן),יגאל_נאור,1,0.47753230043299616,18,1
הילה_פלדמן,ישי_גולן,1,0.3073294149797136,1,1
גלעד_כהנא,תמר_אלקן,1,0.31735712432566177,1,0
אולג_לוין,משה_אשכנזי_(שחקן),1,0.32880449204928475,1,0
__name__:יבגני אורלוב,אולג_לוין,1,0.4984408768924371,1,0
אלון_דהן_(שחקן),חיים_זנאתי,1,0.4508638510092361,3,1
לנה_אטינגר,רותם_זיסמן-כהן,1,0.4562399281034421,4,1
נטע_שפיגלמן,עודד_לאופולד,1,0.16387885236315114,1,0
חיים_זנאתי,מוריס_כהן_(שחקן),1,0.27583543835172797,1,1
גלעד_כהנא,יואב_דונט,1,0.3635591727158663,1,0
יאנה_יוסף,עלי_סלימאן,1,0.3894096810969668,1,0
אורנה_בנאי,איציק_כהן_(שחקן),1,0.3611973769747056,1,1
אורנה_בנאי,חיים_זנאתי,1,0.3495979655006438,3,1
אברהם_סלקטר,חיים_זנאתי,1,0.2473725878510892,3,1
עודד_לאופולד,עלי_סלימאן,2,0.38073845436540044,1,0
אברהם_סלקטר,אורנה_בנאי,2,0.25695676742736195,9,1
גילת_אנקורי,קובי_פרג',2,0.4077081863269575,2,1
גילת_אנקורי,דודו_טסה,2,0.06955296008681694,1,1
הילה_פלדמן,מיקי_לאון,2,0.4268654306711863,5,1
מרים_זוהר,עודד_תאומי,2,0.31380852966861944,51,0
מאור_שוויצר,רועי_ניק,2,0.46280328529466874,1,0
אליאנה_תדהר,נעמי_לבוב,2,0.2730635022913516,1,0
אורי_הוכמן,דאנה_איבגי,2,0.4352601722085753,12,0
אודי_פרסי,אנה_דוברוביצקי,2,0.2669989429148263,1,0
איציק_כהן_(שחקן),חיים_זנאתי,2,0.30124893867466557,3,1
בני_אבני,עירית_קפלן,2,0.4265781019986541,1,1
אליאנה_תדהר,דניאל_גד,2,0.20937207820060816,1,0
בני_אבני,רותם_אבוהב,2,0.42238272534946525,1,1
יואב_דונט,תמר_אלקן,2,0.44193515008480083,1,1
אברהם_סלקטר,אוולין_הגואל,2,0.446456697679934,4,1
אורלי_פרל,שני_קליין,2,0.07881334689833498,1,0
נטע_שפיגלמן,עלי_סלימאן,2,0.42096038430524574,1,1
אורנה_בנאי,יגאל_נאור,2,0.4872395133831945,18,1
אברהם_סלקטר,איציק_כהן_(שחקן),2,0.19421545148699912,1,1
איציק_כהן_(שחקן),יגאל_נאור,2,0.4804508771629678,18,1
הילה_פלדמן,ישי_גולן,2,0.3073294149797136,1,1
גלעד_כהנא,תמר_אלקן,2,0.31735712432566177,1,0
אולג_לוין,משה_אשכנזי_(שחקן),2,0.32880449204928475,1,0
__name__:יבגני אורלוב,אולג_לוין,2,0.49677858467896374,1,0
אלון_דהן_(שחקן),חיים_זנאתי,2,0.45419718434256945,3,1
לנה_אטינגר,רותם_זיסמן-כהן,2,0.45957326143677546,4,1
נטע_שפיגלמן,עודד_לאופולד,2,0.1647154708476014,1,0
חנן_סביון,עדנה_בליליוס,2,0.40943711405018035,1,0
חיים_זנאתי,מוריס_כהן_(שחקן),2,0.2820873484150329,1,1
גלעד_כהנא,יואב_דונט,2,0.36689250604919965,1,0
עירית_קפלן,רותם_אבוהב,2,0.355824985317173,1,1
אורי_הוכמן,עופר_חיון,2,0.4008448711892508,7,0
יאנה_יוסף,עלי_סלימאן,2,0.39274301443030013,1,0
אורנה_בנאי,איציק_כהן_(שחקן),2,0.36411595370467725,1,1
אורנה_בנאי,חיים_זנאתי,2,0.3541788344440888,3,1
אורי_הוכמן,נטלי_עטיה,2,0.2609075532910763,18,0
אברהם_סלקטר,חיים_זנאתי,2,0.2473725878510892,3,1
עודד_לאופולד,עלי_סלימאן,3,0.38462491724749653,1,0
אברהם_סלקטר,אורנה_בנאי,3,0.25695676742736195,9,1
גילת_אנקורי,קובי_פרג',3,0.41437485299362414,2,1
גילת_אנקורי,דודו_טסה,3,0.07066018619404305,1,1
הילה_פלדמן,מיקי_לאון,3,0.4338811193581864,5,1
מרים_זוהר,עודד_תאומי,3,0.31380852966861944,51,0
מאור_שוויצר,רועי_ניק,3,0.4628032852946687,1,0
אליאנה_תדהר,נעמי_לבוב,3,0.276183979189869,1,0
אורי_הוכמן,דאנה_איבגי,3,0.43303794318249333,12,0
אודי_פרסי,אנה_דוברוביצקי,3,0.2703322762481596,1,0
איציק_כהן_(שחקן),חיים_זנאתי,3,0.3006938725684184,3,1
בני_אבני,עירית_קפלן,3,0.43379983477156797,1,1
אליאנה_תדהר,דניאל_גד,3,0.2102021349939677,1,0
בני_אבני,רותם_אבוהב,3,0.4257160586827986,1,1
יואב_דונט,תמר_אלקן,3,0.44193515008480083,1,1
אברהם_סלקטר,אוולין_הגואל,3,0.4477108014225473,4,1
אורלי_פרל,שני_קליין,3,0.08241728785444416,1,0
נטע_שפיגלמן,עלי_סלימאן,3,0.42651788830720183,1,1
אורנה_בנאי,יגאל_נאור,3,0.48780332839582835,18,1
אברהם_סלקטר,איציק_כהן_(שחקן),3,0.19754878482033245,1,1
איציק_כהן_(שחקן),יגאל_נאור,3,0.482676984389075,18,1
הילה_פלדמן,ישי_גולן,3,0.30849974488701987,1,1
גלעד_כהנא,תמר_אלקן,3,0.31825149399807184,1,0
אולג_לוין,משה_אשכנזי_(שחקן),3,0.3383081466787812,1,0
אלון_דהן_(שחקן),חיים_זנאתי,3,0.4580778069705203,3,1
לנה_אטינגר,רותם_זיסמן-כהן,3,0.4566832827920798,4,1
נטע_שפיגלמן,עודד_לאופולד,3,0.16421912547709788,1,0
חנן_סביון,עדנה_בליליוס,3,0.4099902435989431,1,0
חיים_זנאתי,מוריס_כהן_(שחקן),3,0.2876302632564571,1,1
גלעד_כהנא,יואב_דונט,3,0.3693892208980827,1,0
מאור_שוויצר,משה_פולקנפליק,3,0.455873098242695,1,0
עירית_קפלן,רותם_אבוהב,3,0.3583153977665214,1,1
אורי_הוכמן,עופר_חיון,3,0.4108448711892508,7,0
יאנה_יוסף,עלי_סלימאן,3,0.3949671850989229,1,0
אורנה_בנאי,איציק_כהן_(שחקן),3,0.3674492870380106,1,1
אורנה_בנאי,חיים_זנאתי,3,0.3575121677774222,3,1
אורי_הוכמן,נטלי_עטיה,3,0.2618116414176569,18,0
אברהם_סלקטר,חיים_זנאתי,3,0.2519600249270358,3,1
עודד_לאופולד,עלי_סלימאן,4,0.40177056561320984,1,0
אברהם_סלקטר,אורנה_בנאי,4,0.270557314636178,9,1
אורי_פפר,זהר_ליבה,4,0.43847525394795506,1,1
גילת_אנקורי,קובי_פרג',4,0.41170241846121225,2,1
גילת_אנקורי,דודו_טסה,4,0.09980267614952619,1,1
הילה_פלדמן,מיקי_לאון,4,0.4380401264205428,5,1
מרים_זוהר,עודד_תאומי,4,0.32129965494377016,51,0
מאור_שוויצר,רועי_ניק,4,0.4813702485322101,1,0
אליאנה_תדהר,נעמי_לבוב,4,0.30981811714696494,1,0
אורי_הוכמן,דאנה_איבגי,4,0.43848177371271996,12,0
אודי_פרסי,אנה_דוברוביצקי,4,0.3018720927724376,1,0
איציק_כהן_(שחקן),חיים_זנאתי,4,0.3070755931095888,3,1
בני_אבני,עירית_קפלן,4,0.45934274961299215,1,1
זהר_ליבה,תובל_שפיר,4,0.22171087797212058,1,0
אליאנה_תדהר,דניאל_גד,4,0.23064792905894635,1,0
בני_אבני,רותם_אבוהב,4,0.45160631016333846,1,1
יואב_דונט,תמר_אלקן,4,0.469834361418241,1,1
נתן_רביץ,ריקי_בליך,4,0.31704008854295507,12,1
אברהם_סלקטר,אוולין_הגואל,4,0.45798579210965956,4,1
אורלי_פרל,שני_קליין,4,0.09046130060908789,1,0
נטע_שפיגלמן,עלי_סלימאן,4,0.43910251690835955,1,1
אורנה_בנאי,יגאל_נאור,4,0.4982508758948538,18,1
אברהם_סלקטר,איציק_כהן_(שחקן),4,0.20482685438523418,1,1
איציק_כהן_(שחקן),יגאל_נאור,4,0.4893896738668627,18,1
הילה_פלדמן,ישי_גולן,4,0.3445504779531183,1,1
גלעד_כהנא,תמר_אלקן,4,0.3358258667710363,1,0
אולג_לוין,משה_אשכנזי_(שחקן),4,0.3914271652812695,1,0
אלון_דהן_(שחקן),חיים_זנאתי,4,0.46885930378352175,3,1
אמיר_טסלר,ריקי_בליך,4,0.4618331596071478,12,0
אביגיל_אריאלי,זהר_ליבה,4,0.4584200548470814,1,1
לנה_אטינגר,רותם_זיסמן-כהן,4,0.4594489025011748,4,1
אמיר_טסלר,אריה_צ'רנר,4,0.41438524894101375,1,0
נטע_שפיגלמן,עודד_לאופולד,4,0.1758823897853282,1,0
חנן_סביון,עדנה_בליליוס,4,0.4254311603918719,1,0
חיים_זנאתי,מוריס_כהן_(שחקן),4,0.30234094267776745,1,1
גלעד_כהנא,יואב_דונט,4,0.3830445205917044,1,0
מאור_שוויצר,משה_פולקנפליק,4,0.4617097081160021,1,0
עירית_קפלן,רותם_אבוהב,4,0.3755293537278056,1,1
אורי_הוכמן,עופר_חיון,4,0.4369520886853337,7,0
יאנה_יוסף,עלי_סלימאן,4,0.42755181370008055,1,0
אורנה_בנאי,איציק_כהן_(שחקן),4,0.37855213008090016,1,1
אמיר_טסלר,נתן_רביץ,4,0.3439790493693857,1,0
אורנה_בנאי,חיים_זנאתי,4,0.3741798065388458,3,1
אורי_הוכמן,נטלי_עטיה,4,0.26909687759217893,18,0
אברהם_סלקטר,חיים_זנאתי,4,0.26146347423953065,3,1
עודד_לאופולד,עלי_סלימאן,5,0.417482079805267,1,0
אברהם_סלקטר,אורנה_בנאי,5,0.2830674321750982,9,1
אורי_פפר,זהר_ליבה,5,0.46535265026877093,1,1
גילת_אנקורי,קובי_פרג',5,0.4191913651096088,2,1
גילת_אנקורי,דודו_טסה,5,0.13071090491016749,1,1
הילה_פלדמן,מיקי_לאון,5,0.45111300551633216,5,1
מרים_זוהר,עודד_תאומי,5,0.3441314831297387,51,0
אבי_קושניר,גדי_יגיל,5,0.39001527134041,43,1
אליאנה_תדהר,נעמי_לבוב,5,0.3466281791673717,1,0
אורי_הוכמן,דאנה_איבגי,5,0.453458694914756,12,0
גרא_סנדלר,שירה_האס,5,0.23790471684840117,1,1
אודי_פרסי,אנה_דוברוביצקי,5,0.3346779446851303,1,0
איציק_כהן_(שחקן),חיים_זנאתי,5,0.33801414761704196,3,1
בני_אבני,עירית_קפלן,5,0.4805439560169125,1,1
אבי_קושניר,שלמה_בראבא,5,0.45862929018444976,38,1
זהר_ליבה,תובל_שפיר,5,0.24591728990537434,1,0
אליאנה_תדהר,דניאל_גד,5,0.25138928936358046,1,0
בני_אבני,רותם_אבוהב,5,0.48551528588806375,1,1
יואב_דונט,תמר_אלקן,5,0.4803318448997214,1,1
נתן_רביץ,ריקי_בליך,5,0.34866519882745306,12,1
אברהם_סלקטר,אוולין_הגואל,5,0.4652084969773305,4,1
אורלי_פרל,שני_קליין,5,0.11130199842970415,1,0
נטע_שפיגלמן,עלי_סלימאן,5,0.45619527579999813,1,1
אברהם_סלקטר,איציק_כהן_(שחקן),5,0.22260370995804815,1,1
הילה_פלדמן,ישי_גולן,5,0.37936119299653387,1,1
אבי_קושניר,דב_גליקמן,5,0.48339077116370843,37,1
גלעד_כהנא,תמר_אלקן,5,0.3602501252824853,1,0
אולג_לוין,משה_אשכנזי_(שחקן),5,0.4232866878148124,1,0
אלון_דהן_(שחקן),חיים_זנאתי,5,0.49412293393335205,3,1
אמיר_טסלר,ריקי_בליך,5,0.48585019090158216,12,0
אביגיל_אריאלי,זהר_ליבה,5,0.4737127104612102,1,1
לנה_אטינגר,רותם_זיסמן-כהן,5,0.47117651739723615,4,1
אמיר_טסלר,אריה_צ'רנר,5,0.4307625864178476,1,0
נטע_שפיגלמן,עודד_לאופולד,5,0.20462010022175695,1,0
חנן_סביון,עדנה_בליליוס,5,0.4607521647213295,1,0
חיים_זנאתי,מוריס_כהן_(שחקן),5,0.32202633886353155,1,1
גלעד_כהנא,יואב_דונט,5,0.4031965942243211,1,0
מאור_שוויצר,משה_פולקנפליק,5,0.45807490293915615,1,0
עירית_קפלן,רותם_אבוהב,5,0.39133849312766905,1,1
אורי_הוכמן,עופר_חיון,5,0.439708959488042,7,0
יאנה_יוסף,עלי_סלימאן,5,0.43491104625378285,1,0
אורנה_בנאי,איציק_כהן_(שחקן),5,0.40657362353977483,1,1
אמיר_טסלר,נתן_רביץ,5,0.36534472003412866,1,0
אורנה_בנאי,חיים_זנאתי,5,0.40742551704188723,3,1
אורי_הוכמן,נטלי_עטיה,5,0.30233412331831705,18,0
אברהם_סלקטר,חיים_זנאתי,5,0.2556737247733106,3,1
