actor_id,actor_name,actor_slug,first_year,last_year,film_count
פסח_בר_אדון,פסח בר אדון,פסח_בר_אדון,1933,1933,1
יהושע_ברטונוב,יהושע ברטונוב,יהושע_ברטונוב,1933,1933,1
חנה_רובינא,חנה רובינא,חנה_רובינא,1933,1933,1
__name__:אברהם סורוקה-דוריון,אברהם סורוקה-דוריון,,1949,1949,1
__name__:יהודה בן-משה,יהודה בן-משה,,1949,1949,1
__name__:חווה אלפרשטיין (אגמון),חווה אלפרשטיין (אגמון),,1949,1949,1
__name__:מרגלית עובד,מרגלית עובד,,1955,1955,1
__name__:אדוארד מולהייר,אדוארד מולהייר,,1955,1955,1
__name__:סוזי לקלר,סוזי לקלר,,1955,1955,1
עמוס_מוקדי,עמוס מוקדי,עמוס_מוקדי,1959,1959,1
__name__:שלמה יעקבי,שלמה יעקבי,,1959,1959,1
נחמה_הנדל,נחמה הנדל,נחמה_הנדל,1959,1959,1
ליאו_פילר,ליאו פילר,ליאו_פילר,1960,1960,1
בתיה_לנצט,בתיה לנצט,בתיה_לנצט,1960,1960,1
__name__:משה קדם,משה קדם,,1960,1960,1
דליה_לביא,דליה לביא,דליה_לביא,1960,1960,1
יפתח_ספקטור,יפתח ספקטור,יפתח_ספקטור,1962,1962,1
אהוד_בנאי,אהוד בנאי,אהוד_בנאי,1962,1962,1
דינה_דורון,דינה דורון,דינה_דורון,1962,1962,1
__name__:רונית כץ,רונית כץ,,1962,1962,1
שמעון_ישראלי,שמעון ישראלי,שמעון_ישראלי,1962,1963,2
רחל_אטאס,רחל אטאס,רחל_אטאס,1963,1963,1
__name__:ורוניק ונדל,ורוניק ונדל,,1964,1964,1
רינה_גנור,רינה גנור,רינה_גנור,1964,1964,1
אברהם_הפנר,אברהם הפנר,אברהם_הפנר,1964,1964,1
גאולה_גיל,גאולה גיל,גאולה_גיל,1964,1964,1
מאיר_מרגלית,מאיר מרגלית,מאיר_מרגלית,1964,1964,1
מישה_אשרוב,מישה אשרוב,מישה_אשרוב,1965,1965,1
חיה_הררית,חיה הררית,חיה_הררית,1955,1965,3
עזריה_רפפורט,עזריה רפפורט,עזריה_רפפורט,1965,1965,1
מיכאל_שילה,מיכאל שילה,מיכאל_שילה,1965,1965,1
__name__:שאול שלחין,שאול שלחין,,1965,1965,1
שושנה_דמארי,שושנה דמארי,שושנה_דמארי,1956,1965,2
זלמן_לביוש,זלמן לביוש,זלמן_לביוש,1965,1965,1
יוסי_ידין,יוסי ידין,יוסי_ידין,1955,1965,2
אודי_מרפי,אודי מרפי,אודי_מרפי,1966,1966,1
מישא_אשרוב,מישא אשרוב,מישא_אשרוב,1967,1967,1
אהרן_מסקין,אהרן מסקין,אהרן_מסקין,1933,1967,2
פאני_לוביץ',פאני לוביץ',פאני_לוביץ',1967,1967,1
איריס_יוטבת,איריס יוטבת,איריס_יוטבת,1967,1967,1
__name__:דסי הדרי,דסי הדרי,,1968,1968,1
__name__:ליאורה רימון,ליאורה רימון,,1968,1968,1
אילי_גורליצקי,אילי גורליצקי,אילי_גורליצקי,1967,1968,3
__name__:תקווה מור,תקווה מור,,1968,1968,1
אריאל_פורמן,אריאל פורמן,אריאל_פורמן,1968,1968,1
שמואל_רודנסקי,שמואל רודנסקי,שמואל_רודנסקי,1966,1968,2
יעקב_אלפרין,יעקב אלפרין,יעקב_אלפרין,1968,1968,1
שלישיית_הגשש_החיוור,שלישיית הגשש החיוור,שלישיית_הגשש_החיוור,1968,1968,1
בטי_סגל,בטי סגל,בטי_סגל,1968,1968,1
יעקב_הלפרין,יעקב הלפרין,יעקב_הלפרין,1969,1969,1
אברהם_רונאי,אברהם רונאי,אברהם_רונאי,1969,1969,1
דן_בן_אמוץ,דן בן אמוץ,דן_בן_אמוץ,1964,1969,2
הילית_ישורון,הילית ישורון,הילית_ישורון,1969,1969,1
עירית_שילה,עירית שילה,עירית_שילה,1969,1969,1
אלונה_איינשטיין,אלונה איינשטיין,אלונה_איינשטיין,1970,1970,1
מוטי_ברכאן,מוטי ברכאן,מוטי_ברכאן,1970,1970,1
שלום_חנוך,שלום חנוך,שלום_חנוך,1970,1970,1
אסתר_גרינברג,אסתר גרינברג,אסתר_גרינברג,1970,1970,1
יצחק_מיכאל_שילה,יצחק מיכאל שילה,יצחק_מיכאל_שילה,1955,1971,2
מרים_ברנשטיין-כהן,מרים ברנשטיין-כהן,מרים_ברנשטיין-כהן,1956,1971,2
__name__:תמי צפרוני,תמי צפרוני,,1971,1971,1
פול_ל._סמית',פול ל. סמית',פול_ל._סמית',1971,1971,1
__name__:משה סולו,משה סולו,,1971,1971,1
ניסים_עזיקרי,ניסים עזיקרי,ניסים_עזיקרי,1971,1971,1
חיים_טופול,חיים טופול,חיים_טופול,1960,1971,6
טובה_פרדו,טובה פרדו,טובה_פרדו,1971,1971,1
גדעון_שמר,גדעון שמר,גדעון_שמר,1967,1971,3
שלמה_ארצי,שלמה ארצי,שלמה_ארצי,1971,1971,1
גליה_טופול,גליה טופול,גליה_טופול,1971,1971,1
רות_דורון,רות דורון,רות_דורון,1971,1971,1
יוסף_ידין,יוסף ידין,יוסף_ידין,1963,1971,3
__name__:טובה קצב,טובה קצב,,1972,1972,1
יעל_אביב,יעל אביב,יעל_אביב,1971,1972,2
גבי_אוטרמן,גבי אוטרמן,גבי_אוטרמן,1972,1972,1
שרגא_פרידמן,שרגא פרידמן,שרגא_פרידמן,1965,1972,5
ליאור_ייני,ליאור ייני,ליאור_ייני,1967,1972,2
מונה_זילברשטיין,מונה זילברשטיין,מונה_זילברשטיין,1972,1972,3
__name__:נינט דינר,נינט דינר,,1960,1972,2
לורנס_הארווי,לורנס הארווי,לורנס_הארווי,1972,1972,1
אברהם_חלפי,אברהם חלפי,אברהם_חלפי,1972,1972,1
__name__:אדית אסטרוק,אדית אסטרוק,,1972,1972,1
תמי_ספיבק,תמי ספיבק,תמי_ספיבק,1972,1972,1
רונית_פורת_(שחקנית),רונית פורת,רונית_פורת_(שחקנית),1972,1972,1
__name__:ראובן בר יותם,ראובן בר יותם,,1972,1972,1
שמואל_וולף,שמואל וולף,שמואל_וולף,1972,1972,1
פול_סמית,פול סמית,פול_סמית,1973,1973,1
נירה_גל,נירה גל,נירה_גל,1973,1973,1
אברהם_בן-יוסף,אברהם בן-יוסף,אברהם_בן-יוסף,1963,1973,3
יעקב_בנאי,יעקב בנאי,יעקב_בנאי,1965,1973,3
אריס_סאן,אריס סאן,אריס_סאן,1973,1973,1
בומבה_צור,בומבה צור,בומבה_צור,1963,1973,5
יוסי_אלפי,יוסי אלפי,יוסי_אלפי,1973,1973,1
גבי_אלדור,גבי אלדור,גבי_אלדור,1970,1973,2
יהושע_לוף,יהושע לוף,יהושע_לוף,1973,1973,1
יוסי_בנאי,יוסי בנאי,יוסי_בנאי,1963,1973,7
אורי_זוהר,אורי זוהר,אורי_זוהר,1959,1973,5
יעקב_בן-סירא,יעקב בן-סירא,יעקב_בן-סירא,1963,1973,3
נחום_שליט,נחום שליט,נחום_שליט,1973,1973,1
__name__:יקי יושע,יקי יושע,,1973,1973,1
נסים_עזיקרי,נסים עזיקרי,נסים_עזיקרי,1960,1973,3
__name__:ראובן בר-יותם,ראובן בר-יותם,,1973,1973,1
נסים_סרוסי,נסים סרוסי,נסים_סרוסי,1974,1974,1
יצחק_חביס,יצחק חביס,יצחק_חביס,1974,1974,1
אריק_איינשטיין,אריק איינשטיין,אריק_איינשטיין,1962,1974,6
ג'טה_לוקה,ג'טה לוקה,ג'טה_לוקה,1974,1974,1
דליה_פרידלנד,דליה פרידלנד,דליה_פרידלנד,1965,1974,3
חיה_קציר,חיה קציר,חיה_קציר,1974,1974,1
ירדנה_ארזי,ירדנה ארזי,ירדנה_ארזי,1974,1974,1
איריס_דוידסקו,איריס דוידסקו,איריס_דוידסקו,1974,1974,1
סימה_אליהו,סימה אליהו,סימה_אליהו,1972,1974,2
יגאל_בשן,יגאל בשן,יגאל_בשן,1974,1974,1
יהודה_פוקס_(שחקן),יהודה פוקס,יהודה_פוקס_(שחקן),1964,1974,3
שלמה_וישינסקי,שלמה וישינסקי,שלמה_וישינסקי,1974,1974,1
יוסי_סגל,יוסי סגל,יוסי_סגל,1974,1974,1
ריצ'רד_ראונדטרי,ריצ'רד ראונדטרי,ריצ'רד_ראונדטרי,1975,1975,1
יאיר_רובין,יאיר רובין,יאיר_רובין,1970,1975,3
אבישי_אביבי,אבישי אביבי,אבישי_אביבי,1975,1975,1
רפי_נלסון,רפי נלסון,רפי_נלסון,1975,1975,1
לאונרד_ויטינג,לאונרד ויטינג,לאונרד_ויטינג,1975,1975,1
מני_פאר,מני פאר,מני_פאר,1971,1975,3
מרדכי_בן-זאב,מרדכי בן-זאב,מרדכי_בן-זאב,1975,1975,1
ראובן_בר_יותם,ראובן בר יותם,ראובן_בר_יותם,1975,1975,1
__name__:רוברט שואו,רוברט שואו,,1975,1975,1
זאב_ברלינסקי,זאב ברלינסקי,זאב_ברלינסקי,1971,1976,3
אלישבע_מיכאלי,אלישבע מיכאלי,אלישבע_מיכאלי,1955,1976,6
אפרת_לביא,אפרת לביא,אפרת_לביא,1971,1976,4
עודד_קוטלר,עודד קוטלר,עודד_קוטלר,1964,1976,5
רפאל_קלצ'קין,רפאל קלצ'קין,רפאל_קלצ'קין,1933,1976,5
יוסף_באשי_(שחקן),יוסף באשי,יוסף_באשי_(שחקן),1960,1976,2
אסתי_כץ,אסתי כץ,אסתי_כץ,1977,1977,1
רות_סגל,רות סגל,רות_סגל,1977,1977,1
שושנה_דואר,שושנה דואר,שושנה_דואר,1965,1977,2
ראובן_בר-יותם,ראובן בר-יותם,ראובן_בר-יותם,1977,1977,1
מאיר_פניגשטיין,מאיר פניגשטיין,מאיר_פניגשטיין,1977,1977,1
מלאני_גריפית',מלאני גריפית',מלאני_גריפית',1977,1977,1
לילית_נגר,לילית נגר,לילית_נגר,1977,1977,1
צביקה_פיק,צביקה פיק,צביקה_פיק,1977,1977,1
__name__:שייקה אופיר,שייקה אופיר,,1973,1977,2
__name__:אורי זוהר,אורי זוהר,,1964,1977,4
__name__:סיביל דאנינג,סיביל דאנינג,,1977,1977,1
קלאוס_קינסקי,קלאוס קינסקי,קלאוס_קינסקי,1977,1977,1
מנדי_רייס-דייוויס,מנדי רייס-דייוויס,מנדי_רייס-דייוויס,1976,1978,3
צבי_שיסל,צבי שיסל,צבי_שיסל,1970,1978,4
עדנה_פלידל,עדנה פלידל,עדנה_פלידל,1967,1978,3
__name__:בועז דוידזון,בועז דוידזון,,1978,1978,1
טליה_שפירא,טליה שפירא,טליה_שפירא,1975,1978,2
נתן_כוגן,נתן כוגן,נתן_כוגן,1955,1978,4
ג'וזי_כץ,ג'וזי כץ,ג'וזי_כץ,1970,1978,4
__name__:אורי סלי,אורי סלי,,1979,1979,2
אבנר_דן,אבנר דן,אבנר_דן,1979,1979,1
__name__:אריק רוזן,אריק רוזן,,1979,1979,1
שייקה_אופיר,שייקה אופיר,שייקה_אופיר,1956,1979,16
יהודית_סולה,יהודית סולה,יהודית_סולה,1979,1979,1
הגשש_החיוור,הגשש החיוור,הגשש_החיוור,1966,1979,7
עפרה_חזה,עפרה חזה,עפרה_חזה,1979,1979,2
אופליה_שטראל,אופליה שטראל,אופליה_שטראל,1973,1979,2
מנחם_עיני,מנחם עיני,מנחם_עיני,1979,1979,1
איבון_מיקלוש,איבון מיקלוש,איבון_מיקלוש,1979,1979,1
ישראל_גוריון,ישראל גוריון,ישראל_גוריון,1964,1979,3
מנחם_זילברמן,מנחם זילברמן,מנחם_זילברמן,1979,1979,1
גדעון_זינגר,גדעון זינגר,גדעון_זינגר,1960,1979,12
שולה_רווח,שולה רווח,שולה_רווח,1977,1979,2
נועם_קניאל,נועם קניאל,נועם_קניאל,1980,1980,1
__name__:סילבי קון,סילבי קון,,1980,1980,1
__name__:מאתייה אורטליב,מאתייה אורטליב,,1980,1980,1
אבי_יקיר,אבי יקיר,אבי_יקיר,1981,1981,1
עמי_טראוב,עמי טראוב,עמי_טראוב,1981,1981,1
ששי_קשת,ששי קשת,ששי_קשת,1972,1981,5
__name__:ג'וזף בי,ג'וזף בי,,1981,1981,1
__name__:דוד אבידן,דוד אבידן,,1981,1981,1
שושיק_שני,שושיק שני,שושיק_שני,1964,1981,3
אביבה_מרקס,אביבה מרקס,אביבה_מרקס,1967,1981,2
יוסי_וירז'נסקי,יוסי וירז'נסקי,יוסי_וירז'נסקי,1974,1981,2
דורון_נשר,דורון נשר,דורון_נשר,1982,1982,1
__name__:לשה רוזנברג,לשה רוזנברג,,1982,1982,1
דבי_הס,דבי הס,דבי_הס,1982,1982,1
שרגא_הרפז,שרגא הרפז,שרגא_הרפז,1981,1982,2
__name__:רחל דיין,רחל דיין,,1982,1982,1
אורי_לוי_(שחקן),אורי לוי,אורי_לוי_(שחקן),1964,1982,5
בתיה_רוזנטל,בתיה רוזנטל,בתיה_רוזנטל,1982,1982,1
אביבה_גר,אביבה גר,אביבה_גר,1965,1982,2
מירי_אלוני,מירי אלוני,מירי_אלוני,1973,1982,3
מייק_בורשטיין,מייק בורשטיין,מייק_בורשטיין,1965,1983,5
ירון_לונדון,ירון לונדון,ירון_לונדון,1983,1983,1
אורי_ורדי,אורי ורדי,אורי_ורדי,1983,1983,1
עירית_פרנק,עירית פרנק,עירית_פרנק,1983,1983,1
אביבה_פז,אביבה פז,אביבה_פז,1983,1983,1
מירי_פביאן,מירי פביאן,מירי_פביאן,1983,1983,2
אושיק_לוי,אושיק לוי,אושיק_לוי,1972,1983,4
איתן_מסורי,איתן מסורי,איתן_מסורי,1983,1983,1
אלברט_כהן,אלברט כהן,אלברט_כהן,1968,1983,4
יעקב_בן_סירא,יעקב בן סירא,יעקב_בן_סירא,1983,1983,1
בן_לוין,בן לוין,בן_לוין,1983,1983,1
מוניקה_טסלר,מוניקה טסלר,מוניקה_טסלר,1983,1983,1
יונתן_סגל,יונתן סגל,יונתן_סגל,1983,1983,1
דינה_לימון,דינה לימון,דינה_לימון,1983,1983,1
רחל_דיין_(שחקנית),רחל דיין,רחל_דיין_(שחקנית),1983,1983,1
שלמה_גולדברג,שלמה גולדברג,שלמה_גולדברג,1983,1983,1
שמואל_סגל_(שחקן),שמואל סגל,שמואל_סגל_(שחקן),1983,1983,1
__name__:איריס קריינר,איריס קריינר,,1984,1984,1
חופני_כהן,חופני כהן,חופני_כהן,1984,1984,1
אייל_גפן,אייל גפן,אייל_גפן,1981,1984,2
קת'לין_קווינלן,קת'לין קווינלן,קת'לין_קווינלן,1984,1984,1
תקוה_עזיז,תקוה עזיז,תקוה_עזיז,1984,1984,1
דודו_ניב,דודו ניב,דודו_ניב,1985,1985,1
יזהר_אשדות,יזהר אשדות,יזהר_אשדות,1985,1985,1
חנן_גולדבלט,חנן גולדבלט,חנן_גולדבלט,1964,1985,5
מאיר_בנאי,מאיר בנאי,מאיר_בנאי,1985,1985,1
אירית_אלטר,אירית אלטר,אירית_אלטר,1985,1985,1
אהרון_איפלה,אהרון איפלה,אהרון_איפלה,1985,1985,1
סי_היימן,סי היימן,סי_היימן,1985,1985,1
גלי_עטרי,גלי עטרי,גלי_עטרי,1978,1985,3
__name__:אודי ערן,אודי ערן,,1985,1985,1
טוביה_דובלרו,טוביה דובלרו,טוביה_דובלרו,1985,1985,1
__name__:בני קפלה,בני קפלה,,1985,1985,1
__name__:שרון קילצ'ינסקי,שרון קילצ'ינסקי,,1985,1985,1
__name__:אודי כהן,אודי כהן,,1985,1985,1
יובל_בנאי,יובל בנאי,יובל_בנאי,1984,1986,2
יצחק_בן-נר,יצחק בן-נר,יצחק_בן-נר,1986,1986,1
גברי_בנאי,גברי בנאי,גברי_בנאי,1986,1986,1
אהרון_אלמוג,אהרון אלמוג,אהרון_אלמוג,1986,1986,1
איתן_אנשל,איתן אנשל,איתן_אנשל,1986,1986,1
סוהיל_חדאד,סוהיל חדאד,סוהיל_חדאד,1986,1986,1
__name__:טוביה גלבר,טוביה גלבר,,1986,1986,1
טונג'ל_קורטיז,טונג'ל קורטיז,טונג'ל_קורטיז,1986,1986,1
שייקה_לוי,שייקה לוי,שייקה_לוי,1962,1986,3
אורי_כבירי,אורי כבירי,אורי_כבירי,1986,1986,1
משה_איש_כסית,משה איש כסית,משה_איש_כסית,1986,1986,1
דליק_ווליניץ,דליק ווליניץ,דליק_ווליניץ,1977,1986,5
זאב_שמשוני,זאב שמשוני,זאב_שמשוני,1984,1986,2
שמואל_עצמון,שמואל עצמון,שמואל_עצמון,1986,1986,1
רוברטו_פולק,רוברטו פולק,רוברטו_פולק,1986,1986,1
רוני_פינקוביץ',רוני פינקוביץ',רוני_פינקוביץ',1985,1986,2
__name__:יוסף שילוח,יוסף שילוח,,1986,1986,1
__name__:רווית זוהר,רווית זוהר,,1986,1986,1
שרון_הכהן,שרון הכהן,שרון_הכהן,1986,1986,1
__name__:סימון בנימיני,סימון בנימיני,,1986,1986,1
__name__:עירית זוהר,עירית זוהר,,1986,1986,1
__name__:אוסי הלל,אוסי הלל,,1986,1986,1
ברוך_ששון,ברוך ששון,ברוך_ששון,1987,1987,1
אלונה_קמחי,אלונה קמחי,אלונה_קמחי,1985,1987,3
כריסטופר_ווקן,כריסטופר ווקן,כריסטופר_ווקן,1987,1987,1
אריק_לביא,אריק לביא,אריק_לביא,1955,1987,10
נועה_גולדברג,נועה גולדברג,נועה_גולדברג,1987,1987,1
יונתן_דני,יונתן דני,יונתן_דני,1987,1987,1
__name__:חיים ג'רפי,חיים ג'רפי,,1987,1987,1
שחר_סגל_(במאי),שחר סגל,שחר_סגל_(במאי),1987,1987,1
מושון_אלבוחר,מושון אלבוחר,מושון_אלבוחר,1984,1987,2
אסי_הנגבי,אסי הנגבי,אסי_הנגבי,1983,1987,2
__name__:כריסטינה מרסיליה,כריסטינה מרסיליה,,1987,1987,1
טום_הנקס,טום הנקס,טום_הנקס,1987,1987,1
יואב_צפיר,יואב צפיר,יואב_צפיר,1987,1987,1
שושנה_שני,שושנה שני,שושנה_שני,1987,1987,1
טוביה_צפיר,טוביה צפיר,טוביה_צפיר,1974,1987,6
אבנר_חזקיהו,אבנר חזקיהו,אבנר_חזקיהו,1963,1987,12
שמעון_פינקל,שמעון פינקל,שמעון_פינקל,1933,1987,4
דפנה_ארמוני,דפנה ארמוני,דפנה_ארמוני,1987,1987,1
איקה_זוהר,איקה זוהר,איקה_זוהר,1987,1987,1
__name__:דודו טופז,דודו טופז,,1988,1988,1
יהונתן_סגל,יהונתן סגל,יהונתן_סגל,1978,1988,8
אברי_גלעד,אברי גלעד,אברי_גלעד,1988,1988,1
אבינועם_מור_חיים,אבינועם מור חיים,אבינועם_מור_חיים,1988,1988,1
אלי_יצפאן,אלי יצפאן,אלי_יצפאן,1988,1988,1
ענת_צחור,ענת צחור,ענת_צחור,1988,1988,1
עפרה_וינגרטן,עפרה וינגרטן,עפרה_וינגרטן,1982,1988,2
שלמה_תרשיש,שלמה תרשיש,שלמה_תרשיש,1988,1988,1
__name__:אריק אוחנה,אריק אוחנה,,1988,1988,1
רועי_בר-נתן,רועי בר-נתן,רועי_בר-נתן,1988,1988,1
ז'אק_כהן,ז'אק כהן,ז'אק_כהן,1976,1988,5
יפתח_קצור,יפתח קצור,יפתח_קצור,1978,1988,9
ששי_סעד,ששי סעד,ששי_סעד,1988,1988,1
אדריאן_פסדר,אדריאן פסדר,אדריאן_פסדר,1989,1989,1
__name__:נתן נתנזון,נתן נתנזון,,1989,1989,1
__name__:ססיליה פק,ססיליה פק,,1989,1989,1
ציפי_שביט,ציפי שביט,ציפי_שביט,1970,1989,3
__name__:צבי קורמן,צבי קורמן,,1989,1989,1
ספי_ריבלין,ספי ריבלין,ספי_ריבלין,1978,1989,4
תחיה_דנון,תחיה דנון,תחיה_דנון,1988,1989,2
נטע_סובול,נטע סובול,נטע_סובול,1989,1989,1
__name__:דובי גל,דובי גל,,1988,1989,2
ניר_רון,ניר רון,ניר_רון,1989,1989,1
מרים_גבריאלי,מרים גבריאלי,מרים_גבריאלי,1975,1989,2
אדיב_ג'השאן,אדיב ג'השאן,אדיב_ג'השאן,1989,1989,1
זוהר_זמיר,זוהר זמיר,זוהר_זמיר,1989,1989,1
ריטה,ריטה,ריטה,1989,1989,1
אברהם_מור,אברהם מור,אברהם_מור,1966,1990,4
__name__:טוני פק,טוני פק,,1990,1990,1
אלסנדרה_מוסוליני,אלסנדרה מוסוליני,אלסנדרה_מוסוליני,1990,1990,1
מנשה_ורשבסקי,מנשה ורשבסקי,מנשה_ורשבסקי,1974,1990,2
__name__:שולמית ארד,שולמית ארד,,1990,1990,1
נורית_גלרון,נורית גלרון,נורית_גלרון,1990,1990,1
אלי_דנקר,אלי דנקר,אלי_דנקר,1984,1990,2
גידי_גוב,גידי גוב,גידי_גוב,1977,1990,5
__name__:גיא גארנר,גיא גארנר,,1991,1991,1
ברוך_דוד,ברוך דוד,ברוך_דוד,1965,1991,2
חיים_בנאי,חיים בנאי,חיים_בנאי,1976,1991,2
__name__:בן ציון,בן ציון,,1987,1991,3
נטע_מורן,נטע מורן,נטע_מורן,1989,1991,3
זהבה_בן,זהבה בן,זהבה_בן,1992,1992,1
בסאם_זועמוט,בסאם זועמוט,בסאם_זועמוט,1992,1992,1
__name__:אריק איינשטיין,אריק איינשטיין,,1972,1992,2
__name__:צבי שיסל,צבי שיסל,,1992,1992,1
__name__:מוני מושונוב,מוני מושונוב,,1992,1992,1
__name__:רותי גולדברג,רותי גולדברג,,1992,1992,1
__name__:יהודה ברקן,יהודה ברקן,,1980,1992,8
__name__:איתן בלום,איתן בלום,,1992,1992,1
אבי_טולדנו,אבי טולדנו,אבי_טולדנו,1971,1993,2
__name__:דבורה קידר,דבורה קידר,,1977,1993,8
דנה_דבורין,דנה דבורין,דנה_דבורין,1993,1993,1
יהודה_ברקן,יהודה ברקן,יהודה_ברקן,1970,1993,16
__name__:מיכל בת-אדם,מיכל בת-אדם,,1982,1994,4
__name__:גלי בן נר,גלי בן נר,,1994,1994,1
יאיר_לפיד,יאיר לפיד,יאיר_לפיד,1994,1994,1
אתי_אנקרי,אתי אנקרי,אתי_אנקרי,1987,1994,2
__name__:מיכאל פלמן,מיכאל פלמן,,1994,1994,1
__name__:רובין רנוצ'י,רובין רנוצ'י,,1994,1994,1
__name__:חנה אזולאי-הספרי,חנה אזולאי-הספרי,,1994,1994,1
__name__:אנדריאה פראול,אנדריאה פראול,,1994,1994,1
__name__:ג'ניה צ'רניק,ג'ניה צ'רניק,,1994,1994,1
צביקה_שוורצברג,צביקה שוורצברג,צביקה_שוורצברג,1995,1995,1
קאיפו_כהן,קאיפו כהן,קאיפו_כהן,1988,1995,2
רבקה_נוימן,רבקה נוימן,רבקה_נוימן,1989,1995,3
אווה_חדד,אווה חדד,אווה_חדד,1991,1995,2
שמואל_אדלמן,שמואל אדלמן,שמואל_אדלמן,1995,1995,1
__name__:גילה אלמגור,גילה אלמגור,,1971,1995,3
__name__:אדם אבולעפיה,אדם אבולעפיה,,1995,1995,1
עמוס_שוב,עמוס שוב,עמוס_שוב,1995,1995,1
__name__:עמוס גיתאי,עמוס גיתאי,,1995,1995,1
__name__:אליה סולימאן,אליה סולימאן,,1996,1996,1
__name__:חליל אלוהב,חליל אלוהב,,1996,1996,1
__name__:שמואל פולר,שמואל פולר,,1996,1996,1
פרנקו_נרו,פרנקו נרו,פרנקו_נרו,1996,1996,1
אייל_שכטר,אייל שכטר,אייל_שכטר,1996,1996,1
מריה_אובנוב,מריה אובנוב,מריה_אובנוב,1996,1996,1
דובי_גל,דובי גל,דובי_גל,1971,1996,3
אשר_צרפתי,אשר צרפתי,אשר_צרפתי,1972,1996,5
מיכל_בת-אדם,מיכל בת-אדם,מיכל_בת-אדם,1972,1996,7
אריאל_זילבר,אריאל זילבר,אריאל_זילבר,1996,1996,1
ארנון_צדוק,ארנון צדוק,ארנון_צדוק,1982,1996,6
ניצה_שאול,ניצה שאול,ניצה_שאול,1970,1996,10
אורי_בנאי,אורי בנאי,אורי_בנאי,1992,1996,2
__name__:מנשה נוי,מנשה נוי,,1997,1997,1
__name__:ענבר סוירפמן,ענבר סוירפמן,,1997,1997,1
יובל_זמיר,יובל זמיר,יובל_זמיר,1997,1997,1
דפנה_דקל,דפנה דקל,דפנה_דקל,1993,1997,2
גילי_שושן,גילי שושן,גילי_שושן,1997,1997,1
אריה_מוסקונה,אריה מוסקונה,אריה_מוסקונה,1987,1997,5
שבתאי_קונורטי,שבתאי קונורטי,שבתאי_קונורטי,1997,1997,1
חוה_אלברשטיין,חוה אלברשטיין,חוה_אלברשטיין,1981,1997,2
שירה_גפן,שירה גפן,שירה_גפן,1997,1997,1
אבי_פניני,אבי פניני,אבי_פניני,1997,1997,1
ישראל_פוליאקוב,ישראל פוליאקוב,ישראל_פוליאקוב,1969,1997,3
יונה_עטרי,יונה עטרי,יונה_עטרי,1998,1998,1
דורין_כספי,דורין כספי,דורין_כספי,1998,1998,1
חנה_מרון,חנה מרון,חנה_מרון,1955,1998,4
יובל_סגל_(1980),יובל סגל,יובל_סגל_(1980),1998,1998,1
גאולה_נוני,גאולה נוני,גאולה_נוני,1964,1998,6
__name__:זאב רווח,זאב רווח,,1976,1998,10
אהובה_קרן,אהובה קרן,אהובה_קרן,1998,1998,1
שרון_צור,שרון צור,שרון_צור,1998,1998,1
סער_בדישי,סער בדישי,סער_בדישי,1996,1998,2
__name__:איציק עצמון,איציק עצמון,,1998,1998,1
__name__:תכלת סמל,תכלת סמל,,1998,1998,1
מיכאל_הנגבי,מיכאל הנגבי,מיכאל_הנגבי,1998,1998,1
יוסוף_אבו_ורדה,יוסוף אבו ורדה,יוסוף_אבו_ורדה,1999,1999,1
מיכל_זוארץ,מיכל זוארץ,מיכל_זוארץ,1994,1999,3
סמי_הורי,סמי הורי,סמי_הורי,1999,1999,1
אורי_אברהמי,אורי אברהמי,אורי_אברהמי,1999,1999,1
אורלי_בן-גרטי,אורלי בן-גרטי,אורלי_בן-גרטי,1999,1999,1
אורן_שבו,אורן שבו,אורן_שבו,1999,1999,1
צח_שפיצן,צח שפיצן,צח_שפיצן,1999,1999,1
