actor_id,actor_name,actor_slug
__name__:.,.,
אבי_אוריה,אבי אוריה,אבי_אוריה
__name__:אבי בירנבאום,אבי בירנבאום,
אבי_גרייניק,אבי גרייניק,אבי_גרייניק
אבי_דיכטר,אבי דיכטר,אבי_דיכטר
אבי_דנגור,אבי דנגור,אבי_דנגור
אבי_טולדנו,אבי טולדנו,אבי_טולדנו
אבי_יקיר,אבי יקיר,אבי_יקיר
אבי_נשר,אבי נשר,אבי_נשר
__name__:אבי סויסה,אבי סויסה,
אבי_פניני,אבי פניני,אבי_פניני
אבי_קושניר,אבי קושניר,אבי_קושניר
__name__:אבי שניידמן,אבי שניידמן,
אביב_אלוש,אביב אלוש,אביב_אלוש
אביבה_גר,אביבה גר,אביבה_גר
אביבה_מרקס,אביבה מרקס,אביבה_מרקס
אביבה_נגוסה,אביבה נגוסה,אביבה_נגוסה
אביבה_פז,אביבה פז,אביבה_פז
אביגיל_אריאלי,אביגיל אריאלי,אביגיל_אריאלי
אביגיל_הררי,אביגיל הררי,אביגיל_הררי
__name__:אביה ברוש,אביה ברוש,
אביה_מלכה,אביה מלכה,אביה_מלכה
אביטל_אברג'יל,אביטל אברג'יל,אביטל_אברג'יל
אביטל_דיקר,אביטל דיקר,אביטל_דיקר
אבינועם_מור_חיים,אבינועם מור חיים,אבינועם_מור_חיים
אבישי_אביבי,אבישי אביבי,אבישי_אביבי
__name__:אביתר מור,אביתר מור,
אבנר_דן,אבנר דן,אבנר_דן
אבנר_חזקיהו,אבנר חזקיהו,אבנר_חזקיהו
אברהם_ארנסון,אברהם ארנסון,אברהם_ארנסון
אברהם_בן-יוסף,אברהם בן-יוסף,אברהם_בן-יוסף
אברהם_הפנר,אברהם הפנר,אברהם_הפנר
אברהם_חלפי,אברהם חלפי,אברהם_חלפי
אברהם_מור,אברהם מור,אברהם_מור
__name__:אברהם סורוקה-דוריון,אברהם סורוקה-דוריון,
אברהם_סלקטר,אברהם סלקטר,אברהם_סלקטר
אברהם_רונאי,אברהם רונאי,אברהם_רונאי
אברהם_שלום,אברהם שלום,אברהם_שלום
אברהם_שלום_לוי,אברהם שלום לוי,אברהם_שלום_לוי
אברי_גלעד,אברי גלעד,אברי_גלעד
אבשלום_פולק,אבשלום פולק,אבשלום_פולק
אגם_אוזלבו,אגם אוזלבו,אגם_אוזלבו
אגם_רודברג,אגם רודברג,אגם_רודברג
__name__:אדוארד מולהייר,אדוארד מולהייר,
אדיב_ג'השאן,אדיב ג'השאן,אדיב_ג'השאן
__name__:אדיב ספדי,אדיב ספדי,
אדיר_מילר,אדיר מילר,אדיר_מילר
__name__:אדית אסטרוק,אדית אסטרוק,
__name__:אדם אבולעפיה,אדם אבולעפיה,
אדם_גבאי,אדם גבאי,אדם_גבאי
אדם_הירש,אדם הירש,אדם_הירש
__name__:אדם חתוכה פלד,אדם חתוכה פלד,
__name__:אדם צקמן,אדם צקמן,
אדר_גולד,אדר גולד,אדר_גולד
אדריאן_פסדר,אדריאן פסדר,אדריאן_פסדר
אהובה_קרן,אהובה קרן,אהובה_קרן
אהוד_בנאי,אהוד בנאי,אהוד_בנאי
אהרון_איפלה,אהרון איפלה,אהרון_איפלה
אהרון_אלמוג,אהרון אלמוג,אהרון_אלמוג
אהרן_טרייטל,אהרן טרייטל,אהרן_טרייטל
אהרן_מסקין,אהרן מסקין,אהרן_מסקין
אוגוסט_דיל,אוגוסט דיל,אוגוסט_דיל
אודי_ואביעד,אודי ואביעד,אודי_ואביעד
__name__:אודי כהן,אודי כהן,
אודי_מרפי,אודי מרפי,אודי_מרפי
__name__:אודי ערן,אודי ערן,
אודי_פרסי,אודי פרסי,אודי_פרסי
__name__:אודי קנבל,אודי קנבל,
__name__:אוהד הול,אוהד הול,
אוהד_קנולר,אוהד קנולר,אוהד_קנולר
אוהד_שחר,אוהד שחר,אוהד_שחר
אווה_חדד,אווה חדד,אווה_חדד
אוולין_הגואל,אוולין הגואל,אוולין_הגואל
אוולין_קפלון,אוולין קפלון,אוולין_קפלון
אולג_לוין,אולג לוין,אולג_לוין
אולגה_קורילנקו,אולגה קורילנקו,אולגה_קורילנקו
אולה_שור-סלקטר,אולה שור-סלקטר,אולה_שור-סלקטר
און_רפאלי,און רפאלי,און_רפאלי
__name__:אוסי הלל,אוסי הלל,
אופיר_נהרי,אופיר נהרי,אופיר_נהרי
אופירה_רחמים,אופירה רחמים,אופירה_רחמים
אופליה_שטראל,אופליה שטראל,אופליה_שטראל
אופק_פסח,אופק פסח,אופק_פסח
אור_אילן,אור אילן,אור_אילן
__name__:אור ברק,אור ברק,
__name__:אור יעקב,אור יעקב,
__name__:אור עדי,אור עדי,
אוראל_צברי,אוראל צברי,אוראל_צברי
__name__:אורי אבינועם,אורי אבינועם,
אורי_אברהמי,אורי אברהמי,אורי_אברהמי
אורי_בלופרב,אורי בלופרב,אורי_בלופרב
אורי_בנאי,אורי בנאי,אורי_בנאי
אורי_ברויר,אורי ברויר,אורי_ברויר
אורי_גבריאל,אורי גבריאל,אורי_גבריאל
אורי_גוטליב,אורי גוטליב,אורי_גוטליב
אורי_הוכמן,אורי הוכמן,אורי_הוכמן
אורי_ורדי,אורי ורדי,אורי_ורדי
אורי_זוהר,אורי זוהר,אורי_זוהר
__name__:אורי זוהר,אורי זוהר,
אורי_חזקיה,אורי חזקיה,אורי_חזקיה
אורי_יניב,אורי יניב,אורי_יניב
אורי_כבירי,אורי כבירי,אורי_כבירי
אורי_לוי_(שחקן),אורי לוי,אורי_לוי_(שחקן)
אורי_לייזרוביץ',אורי לייזרוביץ',אורי_לייזרוביץ'
__name__:אורי סלי,אורי סלי,
אורי_פפר,אורי פפר,אורי_פפר
אורי_קלאוזנר,אורי קלאוזנר,אורי_קלאוזנר
__name__:אורית סמואל,אורית סמואל,
אורית_פוקס,אורית פוקס,אורית_פוקס
אורלי_בן-גרטי,אורלי בן-גרטי,אורלי_בן-גרטי
אורלי_זילברשץ,אורלי זילברשץ,אורלי_זילברשץ
__name__:אורלי טובלי פולק,אורלי טובלי פולק,
אורלי_פרל,אורלי פרל,אורלי_פרל
__name__:אורן בלנגה,אורן בלנגה,
__name__:אורן פרג',אורן פרג',
אורן_שבו,אורן שבו,אורן_שבו
אורנה_בנאי,אורנה בנאי,אורנה_בנאי
אורנה_כץ,אורנה כץ,אורנה_כץ
אורנה_פורת,אורנה פורת,אורנה_פורת
אורנה_פיטוסי,אורנה פיטוסי,אורנה_פיטוסי
__name__:אורנלה בס,אורנלה בס,
אושיק_לוי,אושיק לוי,אושיק_לוי
אושרי_כהן,אושרי כהן,אושרי_כהן
אושרי_סהר,אושרי סהר,אושרי_סהר
איבון_מיקלוש,איבון מיקלוש,איבון_מיקלוש
__name__:איגור אובלוזה,איגור אובלוזה,
איה_קורן,איה קורן,איה_קורן
__name__:אייל בן אהרון,אייל בן אהרון,
אייל_גפן,אייל גפן,אייל_גפן
אייל_נחמיאס,אייל נחמיאס,אייל_נחמיאס
__name__:אייל סלמה,אייל סלמה,
אייל_רוזלס,אייל רוזלס,אייל_רוזלס
אייל_שכטר,אייל שכטר,אייל_שכטר
איילת_זורר,איילת זורר,איילת_זורר
איילת_מרגלית,איילת מרגלית,איילת_מרגלית
אילי_גורליצקי,אילי גורליצקי,אילי_גורליצקי
אילן_גנני,אילן גנני,אילן_גנני
אילן_דר,אילן דר,אילן_דר
__name__:אילן חזן,אילן חזן,
אילן_קובץ',אילן קובץ',אילן_קובץ'
אילנית_בן-יעקב,אילנית בן-יעקב,אילנית_בן-יעקב
אילנית_לוי,אילנית לוי,אילנית_לוי
__name__:אימוס איינו,אימוס איינו,
אינה_בקלמן,אינה בקלמן,אינה_בקלמן
איצ'ו_אביטל,איצ'ו אביטל,איצ'ו_אביטל
__name__:איציק זוהר,איציק זוהר,
איציק_כהן_(שחקן),איציק כהן,איציק_כהן_(שחקן)
__name__:איציק עצמון,איציק עצמון,
איציק_פצצתי,איציק פצצתי,איציק_פצצתי
איקה_זוהר,איקה זוהר,איקה_זוהר
איריס_דוידסקו,איריס דוידסקו,איריס_דוידסקו
איריס_יוטבת,איריס יוטבת,איריס_יוטבת
__name__:איריס קריינר,איריס קריינר,
אירית_אלטר,אירית אלטר,אירית_אלטר
אירית_סוקי,אירית סוקי,אירית_סוקי
__name__:איתי בוזגלו,איתי בוזגלו,
איתי_זבולון_(שחקן),איתי זבולון,איתי_זבולון_(שחקן)
איתי_טיראן,איתי טיראן,איתי_טיראן
איתי_לב_(במאי),איתי לב,איתי_לב_(במאי)
איתי_תורג'מן,איתי תורג'מן,איתי_תורג'מן
__name__:איתמר קליגר,איתמר קליגר,
איתמר_רוטשילד,איתמר רוטשילד,איתמר_רוטשילד
איתן_אנשל,איתן אנשל,איתן_אנשל
__name__:איתן בלום,איתן בלום,
איתן_מסורי,איתן מסורי,איתן_מסורי
__name__:איתן קוניו,איתן קוניו,
אלברט_אילוז,אלברט אילוז,אלברט_אילוז
אלברט_כהן,אלברט כהן,אלברט_כהן
אלדד_פריבס,אלדד פריבס,אלדד_פריבס
אלה_ארמוני,אלה ארמוני,אלה_ארמוני
__name__:אלון אבוטבול,אלון אבוטבול,
אלון_אבוטבול,אלון אבוטבול,אלון_אבוטבול
אלון_דהן,אלון דהן,אלון_דהן
אלון_דהן_(שחקן),אלון דהן,אלון_דהן_(שחקן)
אלון_נוימן,אלון נוימן,אלון_נוימן
אלון_פרידמן,אלון פרידמן,אלון_פרידמן
אלונה_איב,אלונה איב,אלונה_איב
אלונה_איינשטיין,אלונה איינשטיין,אלונה_איינשטיין
אלונה_טל,אלונה טל,אלונה_טל
אלונה_קמחי,אלונה קמחי,אלונה_קמחי
אלי_אילדיס,אלי אילדיס,אלי_אילדיס
אלי_אלטוניו,אלי אלטוניו,אלי_אלטוניו
__name__:אלי בן רעי,אלי בן רעי,
אלי_גורנשטיין,אלי גורנשטיין,אלי_גורנשטיין
אלי_דנקר,אלי דנקר,אלי_דנקר
אלי_יצפאן,אלי יצפאן,אלי_יצפאן
__name__:אלי מנשה,אלי מנשה,
אלי_פיניש,אלי פיניש,אלי_פיניש
אלי_קרן-אסף,אלי קרן-אסף,אלי_קרן-אסף
אליאנה_תדהר,אליאנה תדהר,אליאנה_תדהר
__name__:אליה סולימאן,אליה סולימאן,
__name__:אליה ענבר,אליה ענבר,
__name__:אלייזה וינטראוב,אלייזה וינטראוב,
אלינה_לוי,אלינה לוי,אלינה_לוי
אלינור_סלע,אלינור סלע,אלינור_סלע
__name__:אלינור קלוגר,אלינור קלוגר,
אליענה_בקייר,אליענה בקייר,אליענה_בקייר
אלישבע_וייל,אלישבע וייל,אלישבע_וייל
אלישבע_מיכאלי,אלישבע מיכאלי,אלישבע_מיכאלי
אלישע_בנאי,אלישע בנאי,אלישע_בנאי
אלכס_אנסקי,אלכס אנסקי,אלכס_אנסקי
__name__:אלכס בכרי,אלכס בכרי,
אלכס_פלג,אלכס פלג,אלכס_פלג
__name__:אלכסיי שטוקין,אלכסיי שטוקין,
אלכסנדר_סנדרוביץ',אלכסנדר סנדרוביץ',אלכסנדר_סנדרוביץ'
__name__:אלכסנדר פילינג,אלכסנדר פילינג,
__name__:אלמוג רוזנו,אלמוג רוזנו,
אלסנדרה_מוסוליני,אלסנדרה מוסוליני,אלסנדרה_מוסוליני
__name__:אלעד סטפנסקי,אלעד סטפנסקי,
אלעד_צפני,אלעד צפני,אלעד_צפני
אמה_מדינג,אמה מדינג,אמה_מדינג
אמיר_דוליצקי,אמיר דוליצקי,אמיר_דוליצקי
אמיר_ח'ורי,אמיר ח'ורי,אמיר_ח'ורי
אמיר_טסלר,אמיר טסלר,אמיר_טסלר
__name__:אמיר פלדמן,אמיר פלדמן,
אמיר_שורוש,אמיר שורוש,אמיר_שורוש
אמירה_בוזגלו,אמירה בוזגלו,אמירה_בוזגלו
__name__:אמיתי אשכנזי,אמיתי אשכנזי,
אמל_מורקוס,אמל מורקוס,אמל_מורקוס
__name__:אמרי קאהן,אמרי קאהן,
__name__:אנדריאה פראול,אנדריאה פראול,
אנדריי_קשקר,אנדריי קשקר,אנדריי_קשקר
אנה_ארונוב,אנה ארונוב,אנה_ארונוב
אנה_דוברוביצקי,אנה דוברוביצקי,אנה_דוברוביצקי
__name__:אנה ווליקובסקי,אנה ווליקובסקי,
אנה_זק,אנה זק,אנה_זק
אנחל_בונני,אנחל בונני,אנחל_בונני
__name__:אנט כהן,אנט כהן,
אנטולי_בליי,אנטולי בליי,אנטולי_בליי
אניה_בוקשטיין,אניה בוקשטיין,אניה_בוקשטיין
אנסטסיה_פיין,אנסטסייה פיין,אנסטסיה_פיין
אסי_דיין,אסי דיין,אסי_דיין
__name__:אסי דיין,אסי דיין,
אסי_הנגבי,אסי הנגבי,אסי_הנגבי
אסי_ישראלוף,אסי ישראלוף,אסי_ישראלוף
אסי_כהן,אסי כהן,אסי_כהן
אסי_לוי,אסי לוי,אסי_לוי
אסיה_נייפלד,אסיה נייפלד,אסיה_נייפלד
אסיל_פרחאת,אסיל פרחאת,אסיל_פרחאת
אסנת_חכים,אסנת חכים,אסנת_חכים
אסנת_פישמן,אסנת פישמן,אסנת_פישמן
אסף_בן_שמעון,אסף בן שמעון,אסף_בן_שמעון
אסף_הרץ,אסף הרץ,אסף_הרץ
אסף_פרי,אסף פרי,אסף_פרי
אסף_קורמן,אסף קורמן,אסף_קורמן
__name__:אסף קליין,אסף קליין,
אסתי_זקהיים,אסתי זקהיים,אסתי_זקהיים
אסתי_ירושלמי,אסתי ירושלמי,אסתי_ירושלמי
אסתי_כץ,אסתי כץ,אסתי_כץ
אסתי_קוסוביצקי,אסתי קוסוביצקי,אסתי_קוסוביצקי
אסתר_גרינברג,אסתר גרינברג,אסתר_גרינברג
אסתר_רדא,אסתר רדא,אסתר_רדא
אפרת_אביב,אפרת אביב,אפרת_אביב
אפרת_בוימולד,אפרת בוימולד,אפרת_בוימולד
אפרת_בן_צור,אפרת בן צור,אפרת_בן_צור
אפרת_גוש,אפרת גוש,אפרת_גוש
אפרת_דור,אפרת דור,אפרת_דור
__name__:אפרת וינטראוב,אפרת וינטראוב,
אפרת_לביא,אפרת לביא,אפרת_לביא
אקו_(ראפרית),אקו מורגנשטרן,אקו_(ראפרית)
אקי_אבני,אקי אבני,אקי_אבני
__name__:אקסל אזולאי,אקסל אזולאי,
ארז_כהנא,ארז כהנא,ארז_כהנא
ארז_עובד,ארז עובד,ארז_עובד
ארז_שפריר,ארז שפריר,ארז_שפריר
אריאל_ברונז,אריאל ברונז,אריאל_ברונז
אריאל_זילבר,אריאל זילבר,אריאל_זילבר
אריאל_פורמן,אריאל פורמן,אריאל_פורמן
אריה_אליאס,אריה אליאס,אריה_אליאס
אריה_מוסקונה,אריה מוסקונה,אריה_מוסקונה
אריה_צ'רנר,אריה צ'רנר,אריה_צ'רנר
אריס_סאן,אריס סאן,אריס_סאן
__name__:אריק אוחנה,אריק אוחנה,
__name__:אריק איינשטיין,אריק איינשטיין,
אריק_איינשטיין,אריק איינשטיין,אריק_איינשטיין
אריק_לביא,אריק לביא,אריק_לביא
אריק_משעלי,אריק משעלי,אריק_משעלי
אריק_קנלר,אריק קנלר,אריק_קנלר
__name__:אריק רוזן,אריק רוזן,
ארנון_צדוק,ארנון צדוק,ארנון_צדוק
__name__:ארנון צדוק,ארנון צדוק,
__name__:ארקדיוש יקוביק,ארקדיוש יקוביק,
__name__:אשר אברהמי,אשר אברהמי,
אשר_צרפתי,אשר צרפתי,אשר_צרפתי
אתי_אנקרי,אתי אנקרי,אתי_אנקרי
אתי_גרוטס,אתי גרוטס,אתי_גרוטס
אתל_קובינסקה,אתל קובינסקה,אתל_קובינסקה
בבר_יוקו,בבר יוקו,בבר_יוקו
__name__:בהירה בלאסי,בהירה בלאסי,
בובי_לקס,בובי לקס,בובי_לקס
בומבה_צור,בומבה צור,בומבה_צור
__name__:בועז דוידזון,בועז דוידזון,
בועז_קונפורטי,בועז קונפורטי,בועז_קונפורטי
בטי_סגל,בטי סגל,בטי_סגל
__name__:בן איתין,בן איתין,
בן_לוין,בן לוין,בן_לוין
בן_סולטן,בן סולטן,בן_סולטן
__name__:בן ציון,בן ציון,
בני_אבני,בני אבני,בני_אבני
__name__:בני קפלה,בני קפלה,
__name__:בני שיף,בני שיף,
בסאם_זועמוט,בסאם זועמוט,בסאם_זועמוט
בר_בלפר,בר בלפר,בר_בלפר
בר_כהן_מוראד,בר כהן מוראד,בר_כהן_מוראד
בר_מיניאלי,בר מיניאלי,בר_מיניאלי
בר_רפאלי,בר רפאלי,בר_רפאלי
ברוך_ברנר,ברוך ברנר,ברוך_ברנר
ברוך_דוד,ברוך דוד,ברוך_דוד
ברוך_ששון,ברוך ששון,ברוך_ששון
ברק_שמיר,ברק שמיר,ברק_שמיר
בת_אל_מוסרי,בת אל מוסרי,בת_אל_מוסרי
בת_חן_סבג,בת חן סבג,בת_חן_סבג
__name__:בתיה בר,בתיה בר,
בתיה_לנצט,בתיה לנצט,בתיה_לנצט
בתיה_רוזנטל,בתיה רוזנטל,בתיה_רוזנטל
__name__:ג'ו סינדויג'ה,ג'ו סינדויג'ה,
ג'ואנה_סעיד,ג'ואנה סעיד,ג'ואנה_סעיד
ג'ובאני_רוסו,ג'ובאני רוסו,ג'ובאני_רוסו
ג'וזי_כץ,ג'וזי כץ,ג'וזי_כץ
__name__:ג'וזף בי,ג'וזף בי,
ג'וי_ריגר,ג'וי ריגר,ג'וי_ריגר
ג'וליאנו_מר,ג'וליאנו מר,ג'וליאנו_מר
ג'וליה_מסלאווי,ג'וליה מסלאווי,ג'וליה_מסלאווי
__name__:ג'וליה סמסון,ג'וליה סמסון,
__name__:ג'ון בנג'מין היקי,ג'ון בנג'מין היקי,
__name__:ג'ונה סולימאן,ג'ונה סולימאן,
ג'וני_ערביד,ג'וני ערביד,ג'וני_ערביד
__name__:ג'ורג' אסכנדר,ג'ורג' אסכנדר,
__name__:ג'וש פייס,ג'וש פייס,
ג'וש_שגיא,ג'וש שגיא,ג'וש_שגיא
ג'טה_לוקה,ג'טה לוקה,ג'טה_לוקה
ג'יזל_סילבר,ג'יזל סילבר,ג'יזל_סילבר
__name__:ג'לאל מסרוה,ג'לאל מסרוה,
__name__:ג'נט סבג,ג'נט סבג,
__name__:ג'ניה צ'רניק,ג'ניה צ'רניק,
ג'ף_גולדבלום,ג'ף גולדבלום,ג'ף_גולדבלום
__name__:ג'ק אדליסט,ג'ק אדליסט,
__name__:ג'רמי פינטו,ג'רמי פינטו,
גאולה_גיל,גאולה גיל,גאולה_גיל
גאולה_נוני,גאולה נוני,גאולה_נוני
גאיה_טראוב,גאיה טראוב,גאיה_טראוב
גבי_אוטרמן,גבי אוטרמן,גבי_אוטרמן
גבי_אלדור,גבי אלדור,גבי_אלדור
גבי_דן,גבי דן,גבי_דן
גבי_עמרני,גבי עמרני,גבי_עמרני
גברי_בנאי,גברי בנאי,גברי_בנאי
גברי_לוי,גברי לוי,גברי_לוי
גבריאל_לוין,גבריאל לוין,גבריאל_לוין
גדי_יגיל,גדי יגיל,גדי_יגיל
גדליה_בסר,גדליה בסר,גדליה_בסר
גדעון_זינגר,גדעון זינגר,גדעון_זינגר
גדעון_שמר,גדעון שמר,גדעון_שמר
__name__:גור בנטביץ',גור בנטביץ',
גור_בנטביץ',גור בנטביץ',גור_בנטביץ'
__name__:גור יערי,גור יערי,
__name__:גור שטיינברג,גור שטיינברג,
גורי_אלפי,גורי אלפי,גורי_אלפי
גיא_אדלר_(שחקן),גיא אדלר,גיא_אדלר_(שחקן)
__name__:גיא גארנר,גיא גארנר,
גיא_לואל,גיא לואל,גיא_לואל
גיא_מרוז,גיא מרוז,גיא_מרוז
גיא_עמיר,גיא עמיר,גיא_עמיר
__name__:גיא קפולניק,גיא קפולניק,
גידי_גוב,גידי גוב,גידי_גוב
גיה_באר_גורביץ',גיה באר גורביץ',גיה_באר_גורביץ'
__name__:גיטה אמלי,גיטה אמלי,
גיל_דסיאנו_ביטון,גיל דסיאנו ביטון,גיל_דסיאנו_ביטון
גיל_וייס,גיל וייס,גיל_וייס
גיל_ססובר,גיל ססובר,גיל_ססובר
גיל_פרנק,גיל פרנק,גיל_פרנק
__name__:גילה אלמגור,גילה אלמגור,
גילה_אלמגור,גילה אלמגור,גילה_אלמגור
גילי_בן_אוזיליו,גילי בן אוזיליו,גילי_בן_אוזיליו
גילי_סער,גילי סער,גילי_סער
גילי_שושן,גילי שושן,גילי_שושן
גילת_אנקורי,גילת אנקורי,גילת_אנקורי
גל_אמיתי,גל אמיתי,גל_אמיתי
גל_גדות,גל גדות,גל_גדות
גל_זייד,גל זייד,גל_זייד
__name__:גל זייד,גל זייד,
גל_לב,גל לב,גל_לב
גל_מלכה_(שחקנית),גל מלכה,גל_מלכה_(שחקנית)
__name__:גל סלמון,גל סלמון,
גל_פרידמן_(שחקן),גל פרידמן,גל_פרידמן_(שחקן)
גל_תורן,גל תורן,גל_תורן
__name__:גלי בן נר,גלי בן נר,
גלי_עטרי,גלי עטרי,גלי_עטרי
גליה_טופול,גליה טופול,גליה_טופול
גליה_ישי,גליה ישי,גליה_ישי
גלית_גיאת,גלית גיאת,גלית_גיאת
גלעד_כהנא,גלעד כהנא,גלעד_כהנא
__name__:גנגה אליקשוילי,גנגה אליקשוילי,
גפן_ברקאי,גפן ברקאי,גפן_ברקאי
גרא_סנדלר,גרא סנדלר,גרא_סנדלר
דאנה_איבגי,דאנה איבגי,דאנה_איבגי
דב_גליקמן,דב גליקמן,דב_גליקמן
דב_נבון,דב נבון,דב_נבון
__name__:דבבה אשטו,דבבה אשטו,
דבורה_קידר,דבורה קידר,דבורה_קידר
__name__:דבורה קידר,דבורה קידר,
דבי_הס,דבי הס,דבי_הס
דביר_בנדק,דביר בנדק,דביר_בנדק
דובי_גל,דובי גל,דובי_גל
__name__:דובי גל,דובי גל,
דובלה_גליקמן,דובלה גליקמן,דובלה_גליקמן
דובר_קוסאשווילי,דובר קוסאשווילי,דובר_קוסאשווילי
__name__:דוד אבידן,דוד אבידן,
__name__:דוד מזרחי,דוד מזרחי,
דוד_קוניו,דוד קוניו,דוד_קוניו
דוד_שאול,דוד שאול,דוד_שאול
דודו_ארז,דודו ארז,דודו_ארז
__name__:דודו טופז,דודו טופז,
דודו_טסה,דודו טסה,דודו_טסה
דודו_ניב,דודו ניב,דודו_ניב
__name__:דור בן אלישע,דור בן אלישע,
דור_הררי,דור הררי,דור_הררי
דור_פלס,דור פלס,דור_פלס
דור_צויגנבום,דור צויגנבום,דור_צויגנבום
דורון_נשר,דורון נשר,דורון_נשר
__name__:דורון צברי,דורון צברי,
דורון_תבורי,דורון תבורי,דורון_תבורי
דורי_בן_זאב,דורי בן זאב,דורי_בן_זאב
דורין_כספי,דורין כספי,דורין_כספי
דורית_לב_ארי,דורית לב ארי,דורית_לב_ארי
דורית_לב-ארי,דורית לב-ארי,דורית_לב-ארי
__name__:דידי פייר,דידי פייר,
__name__:דייוויד ששוני,דייוויד ששוני,
דין_מירושניקוב,דין מירושניקוב,דין_מירושניקוב
דינה_דורון,דינה דורון,דינה_דורון
דינה_לימון,דינה לימון,דינה_לימון
דינה_סנדרסון,דינה סנדרסון,דינה_סנדרסון
דיקלה,דיקלה דורי,דיקלה
__name__:דליה בגר,דליה בגר,
דליה_לביא,דליה לביא,דליה_לביא
דליה_פרידלנד,דליה פרידלנד,דליה_פרידלנד
דליה_שימקו,דליה שימקו,דליה_שימקו
דליק_ווליניץ,דליק ווליניץ,דליק_ווליניץ
דלית_קהן,דלית קהן,דלית_קהן
דן_בן_אמוץ,דן בן אמוץ,דן_בן_אמוץ
__name__:דן דויטש,דן דויטש,
__name__:דן קיזלר,דן קיזלר,
__name__:דן תורג'מן,דן תורג'מן,
דן_תורג'מן,דן תורג'מן,דן_תורג'מן
דן_תורן,דן תורן,דן_תורן
דנה_אברהם-סמו,דנה אברהם-סמו,דנה_אברהם-סמו
דנה_אברמוביץ',דנה ברקוביץ,דנה_אברמוביץ'
דנה_דבורין,דנה דבורין,דנה_דבורין
דנה_לרר,דנה לרר,דנה_לרר
דנה_פרידר,דנה פרידר,דנה_פרידר
דני_גבע,דני גבע,דני_גבע
__name__:דני חדד,דני חדד,
__name__:דני יגיל,דני יגיל,
דני_יוסטון,דני יוסטון,דני_יוסטון
דני_קליין,דני קליין,דני_קליין
__name__:דני רוטנברג,דני רוטנברג,
דני_שגב,דני שגב,דני_שגב
דני_שטג,דני שטג,דני_שטג
דניאל_אסייג,דניאל אסייג,דניאל_אסייג
דניאל_ג'יידלין,דניאל ג'יידלין,דניאל_ג'יידלין
דניאל_גד,דניאל גד,דניאל_גד
דניאל_גל,דניאל גל,דניאל_גל
דניאל_ליטמן,דניאל ליטמן,דניאל_ליטמן
דניאל_מורשת,דניאל מורשת,דניאל_מורשת
__name__:דניאל ניזרי,דניאל ניזרי,
דניאל_סבג,דניאל סבג,דניאל_סבג
דניאל_סוויסה,דניאל סוויסה,דניאל_סוויסה
דניאל_סטיופין,דניאל סטיופין,דניאל_סטיופין
__name__:דניאל עדן,דניאל עדן,
__name__:דניאל קיציס,דניאל קיציס,
__name__:דניאל קלטג'ירונה,דניאל קלטג'ירונה,
דניאלה_וירצר,דניאלה וירצר,דניאלה_וירצר
דניאלה_קרטס,דניאלה קרטס,דניאלה_קרטס
__name__:דסי הדרי,דסי הדרי,
דפנה_ארמוני,דפנה ארמוני,דפנה_ארמוני
דפנה_דקל,דפנה דקל,דפנה_דקל
דפנה_רכטר,דפנה רכטר,דפנה_רכטר
__name__:דקל וקנין,דקל וקנין,
__name__:דקר אלבז,דקר אלבז,
דר_זוזובסקי,דר זוזובסקי,דר_זוזובסקי
דרור_קרן,דרור קרן,דרור_קרן
דריה_רוזן,דריה רוזן,דריה_רוזן
__name__:דרמה,דרמה,
דרק_ג'קובי,דרק ג'קובי,דרק_ג'קובי
__name__:דשה טבורוננוביץ',דשה טבורוננוביץ',
הגר_בן_אשר,הגר בן אשר,הגר_בן_אשר
__name__:הגר בן-אשר,הגר בן-אשר,
הגשש_החיוור,הגשש החיוור,הגשש_החיוור
__name__:הדס ג'ייד סאקורי,הדס ג'ייד סאקורי,
הדס_ירון,הדס ירון,הדס_ירון
הדס_קלדרון,הדס קלדרון,הדס_קלדרון
__name__:הדר דרור,הדר דרור,
__name__:הדר כץ,הדר כץ,
הדר_לוי,הדר לוי,הדר_לוי
__name__:היאלי יוסף זאדה,היאלי יוסף זאדה,
היאם_עבאס,היאם עבאס,היאם_עבאס
__name__:הייתאם עומארי,הייתאם עומארי,
הילה_וידור,הילה וידור,הילה_וידור
הילה_מצקר-הלוי,הילה מצקר-הלוי,הילה_מצקר-הלוי
הילה_סורג'ון_פישר,הילה סורג'ון פישר,הילה_סורג'ון_פישר
הילה_סעדה,הילה סעדה,הילה_סעדה
הילה_ערן,הילה ערן,הילה_ערן
הילה_פלדמן,הילה פלדמן,הילה_פלדמן
__name__:הילה קפלן,הילה קפלן,
הילה_רוח,הילה רוח,הילה_רוח
הילי_ילון,הילי ילון,הילי_ילון
__name__:הילי ישראל,הילי ישראל,
הילית_ישורון,הילית ישורון,הילית_ישורון
__name__:הלל ינאי שני,הלל ינאי שני,
__name__:הלל שמעון,הלל שמעון,
הלנה_ירלובה,הלנה ירלובה,הלנה_ירלובה
הנרי_דוד,הנרי דוד,הנרי_דוד
הרצל_טובי,הרצל טובי,הרצל_טובי
וילם_דפו,וילם דפו,וילם_דפו
ולדימיר_פרידמן,ולדימיר פרידמן,ולדימיר_פרידמן
ורד_פלדמן,ורד פלדמן,ורד_פלדמן
__name__:ורוניק ונדל,ורוניק ונדל,
ז'אק_כהן,ז'אק כהן,ז'אק_כהן
__name__:ז'וזפין דראי,ז'וזפין דראי,
ז'ולייט_בינוש,ז'ולייט בינוש,ז'ולייט_בינוש
__name__:ז'ניה וסרמן,ז'ניה וסרמן,
ז'רמן_אוניקובסקי,ז'רמן אוניקובסקי,ז'רמן_אוניקובסקי
זאב_ברלינסקי,זאב ברלינסקי,זאב_ברלינסקי
זאב_רווח,זאב רווח,זאב_רווח
__name__:זאב רווח,זאב רווח,
זאב_שמשוני,זאב שמשוני,זאב_שמשוני
זהבה_בן,זהבה בן,זהבה_בן
זהר_ליבה,זהר ליבה,זהר_ליבה
זהר_שטראוס,זהר שטראוס,זהר_שטראוס
זהרירה_חריפאי,זהרירה חריפאי,זהרירה_חריפאי
__name__:זוהר דינר,זוהר דינר,
זוהר_זמיר,זוהר זמיר,זוהר_זמיר
זלמן_לביוש,זלמן לביוש,זלמן_לביוש
__name__:ח'אולה איברהם,ח'אולה איברהם,
ח'אולה_חאג'-דיבסי,ח'אולה חאג'-דיבסי,ח'אולה_חאג'-דיבסי
ח'ליפה_נאטור,ח'ליפה נאטור,ח'ליפה_נאטור
חגית_דסברג,חגית דסברג,חגית_דסברג
__name__:חדיג'ה אל עאכד,חדיג'ה אל עאכד,
חוה_אלברשטיין,חוה אלברשטיין,חוה_אלברשטיין
__name__:חווה אלפרשטיין (אגמון),חווה אלפרשטיין (אגמון),
חווה_לוי_רוזלסקי,חווה לוי רוזלסקי,חווה_לוי_רוזלסקי
__name__:חוסיין יאסין מחאג'נה,חוסיין יאסין מחאג׳נה,
חופני_כהן,חופני כהן,חופני_כהן
חי_דוידוב,חי דוידוב,חי_דוידוב
חיה_הררית,חיה הררית,חיה_הררית
חיה_קציר,חיה קציר,חיה_קציר
חיים_אוסדון,חיים אוסדון,חיים_אוסדון
__name__:חיים אלמקייס,חיים אלמקייס,
חיים_אתגר,חיים אתגר,חיים_אתגר
__name__:חיים בוזגלו,חיים בוזגלו,
חיים_בנאי,חיים בנאי,חיים_בנאי
__name__:חיים ג'רפי,חיים ג'רפי,
חיים_זנאתי,חיים זנאתי,חיים_זנאתי
חיים_טופול,חיים טופול,חיים_טופול
__name__:חיים שועי,חיים שועי,
חיים_שריר,חיים שריר,חיים_שריר
חלי_גולדנברג,חלי גולדנברג,חלי_גולדנברג
__name__:חליל אלוהב,חליל אלוהב,
חן_אמסלם-זגורי,חן אמסלם-זגורי,חן_אמסלם-זגורי
חן_יאני,חן יאני,חן_יאני
__name__:חנה אזולאי-הספרי,חנה אזולאי-הספרי,
חנה_אזולאי-הספרי,חנה אזולאי-הספרי,חנה_אזולאי-הספרי
חנה_לסלאו,חנה לסלאו,חנה_לסלאו
חנה_מרון,חנה מרון,חנה_מרון
חנה_רובינא,חנה רובינא,חנה_רובינא
__name__:חנוך וובה,חנוך וובה,
חני_נחמיאס,חני נחמיאס,חני_נחמיאס
חני_פירסטנברג,חני פירסטנברג,חני_פירסטנברג
חנן_גולדבלט,חנן גולדבלט,חנן_גולדבלט
חנן_סביון,חנן סביון,חנן_סביון
__name__:טארק קופטי,טארק קופטי,
טובה_פרדו,טובה פרדו,טובה_פרדו
__name__:טובה קצב,טובה קצב,
__name__:טוביה גלבר,טוביה גלבר,
טוביה_דובלרו,טוביה דובלרו,טוביה_דובלרו
טוביה_צפיר,טוביה צפיר,טוביה_צפיר
טום_הנקס,טום הנקס,טום_הנקס
טונג'ל_קורטיז,טונג'ל קורטיז,טונג'ל_קורטיז
טונה_(ראפר),טונה,טונה_(ראפר)
__name__:טוני פק,טוני פק,
__name__:טטיאנה בלכר,טטיאנה בלכר,
__name__:טטנה כבדה אספה,טטנה כבדה אספה,
טיילור_מלכוב,טיילור מלכוב,טיילור_מלכוב
__name__:טינקרבל,טינקרבל,
טינקרבל,טינקרבל,טינקרבל
טל_טירנגל,טל טירנגל,טל_טירנגל
טל_מוסרי,טל מוסרי,טל_מוסרי
טל_פרידמן,טל פרידמן,טל_פרידמן
טל_קלאי,טל קלאי,טל_קלאי
טלי_אורן,טלי אורן,טלי_אורן
טלי_שרון,טלי שרון,טלי_שרון
טליה_ברטפלד,טליה ברטפלד,טליה_ברטפלד
טליה_שפירא,טליה שפירא,טליה_שפירא
יאיר_לפיד,יאיר לפיד,יאיר_לפיד
יאיר_ניצני,יאיר ניצני,יאיר_ניצני
__name__:יאיר נשר,יאיר נשר,
__name__:יאיר פורטל,יאיר פורטל,
יאיר_רובין,יאיר רובין,יאיר_רובין
יאנה_יוסף,יאנה יוסף,יאנה_יוסף
__name__:יבגני אורלוב,יבגני אורלוב,
__name__:יבגני מוליבוגה,יבגני מוליבוגה,
יבגניה_דודינה,יבגניה דודינה,יבגניה_דודינה
יגאל_בשן,יגאל בשן,יגאל_בשן
יגאל_נאור,יגאל נאור,יגאל_נאור
יגאל_עדיקא,יגאל עדיקא,יגאל_עדיקא
ידין_גלמן,ידין גלמן,ידין_גלמן
__name__:יהודה אלמגור,יהודה אלמגור,
יהודה_אפרוני,יהודה אפרוני,יהודה_אפרוני
__name__:יהודה בן-משה,יהודה בן-משה,
__name__:יהודה ברקן,יהודה ברקן,
יהודה_ברקן,יהודה ברקן,יהודה_ברקן
יהודה_לוי_(שחקן),יהודה לוי,יהודה_לוי_(שחקן)
יהודה_נהרי,יהודה נהרי,יהודה_נהרי
יהודה_פוקס_(שחקן),יהודה פוקס,יהודה_פוקס_(שחקן)
יהודית_סולה,יהודית סולה,יהודית_סולה
יהונתן_וילוז'ני,יהונתן וילוז'ני,יהונתן_וילוז'ני
יהונתן_סגל,יהונתן סגל,יהונתן_סגל
יהורם_גאון,יהורם גאון,יהורם_גאון
יהושע_ברטונוב,יהושע ברטונוב,יהושע_ברטונוב
יהושע_לוף,יהושע לוף,יהושע_לוף
__name__:יהלי פרידמן,יהלי פרידמן,
יואב_דונט,יואב דונט,יואב_דונט
יואב_הייט,יואב הייט,יואב_הייט
__name__:יואב כורש,יואב כורש,
יואב_לוי,יואב לוי,יואב_לוי
__name__:יואב סעדיאן רוזנברג,יואב סעדיאן רוזנברג,
יואב_צפיר,יואב צפיר,יואב_צפיר
יואב_רוטמן,יואב רוטמן,יואב_רוטמן
__name__:יואב רונן,יואב רונן,
יואל_רוזנקיאר,יואל רוזנקיאר,יואל_רוזנקיאר
יובל_בנאי,יובל בנאי,יובל_בנאי
__name__:יובל גל,יובל גל,
יובל_דיסקין,יובל דיסקין,יובל_דיסקין
יובל_זמיר,יובל זמיר,יובל_זמיר
יובל_ינאי,יובל ינאי,יובל_ינאי
יובל_מנדלסון,יובל מנדלסון,יובל_מנדלסון
יובל_סגל_(1971),יובל סגל,יובל_סגל_(1971)
יובל_סגל_(1980),יובל סגל,יובל_סגל_(1980)
יובל_סמו,יובל סמו,יובל_סמו
יובל_שם-טוב,יובל שם-טוב,יובל_שם-טוב
יובל_שרף,יובל שרף,יובל_שרף
__name__:יובל שרף,יובל שרף,
__name__:יובלי ליבני,יובלי ליבני,
יוגב_יפת,יוגב יפת,יוגב_יפת
__name__:יוגב קינן,יוגב קינן,
יולי_הרגיל-שדה,יולי הרגיל-שדה,יולי_הרגיל-שדה
יון_תומרקין,יון תומרקין,יון_תומרקין
יונה_אליאן,יונה אליאן,יונה_אליאן
יונה_עטרי,יונה עטרי,יונה_עטרי
יונתן_בר-אור_(1981),יונתן בר-אור,יונתן_בר-אור_(1981)
יונתן_דני,יונתן דני,יונתן_דני
__name__:יונתן להב ויסברג,יונתן להב ויסברג,
יונתן_סגל,יונתן סגל,יונתן_סגל
יונתן_צ'רצ'י,יונתן צ'רצ'י,יונתן_צ'רצ'י
__name__:יונתן שיראי,יונתן שיראי,
יוסוף_אבו_ורדה,יוסוף אבו ורדה,יוסוף_אבו_ורדה
__name__:יוסי אולו,יוסי אולו,
יוסי_אלפי,יוסי אלפי,יוסי_אלפי
יוסי_בנאי,יוסי בנאי,יוסי_בנאי
יוסי_גרבר,יוסי גרבר,יוסי_גרבר
יוסי_וידר,יוסי וידר,יוסי_וידר
יוסי_וירז'נסקי,יוסי וירז'נסקי,יוסי_וירז'נסקי
יוסי_ידין,יוסי ידין,יוסי_ידין
יוסי_מרשק,יוסי מרשק,יוסי_מרשק
יוסי_סגל,יוסי סגל,יוסי_סגל
יוסי_פולק,יוסי פולק,יוסי_פולק
יוסי_קאנץ,יוסי קאנץ,יוסי_קאנץ
יוסף_באשי_(שחקן),יוסף באשי,יוסף_באשי_(שחקן)
יוסף_ידין,יוסף ידין,יוסף_ידין
יוסף_כרמון,יוסף כרמון,יוסף_כרמון
יוסף_סוויד,יוסף סוויד,יוסף_סוויד
יוסף_שילוח,יוסף שילוח,יוסף_שילוח
__name__:יוסף שילוח,יוסף שילוח,
יורם_זק,יורם זק,יורם_זק
יורם_חטב,יורם חטב,יורם_חטב
__name__:יותם אביבי,יותם אביבי,
יותם_ישי,יותם ישי,יותם_ישי
יותם_קושניר,יותם קושניר,יותם_קושניר
יזהר_אשדות,יזהר אשדות,יזהר_אשדות
יחזקאל_לזרוב,יחזקאל לזרוב,יחזקאל_לזרוב
__name__:יחיאל אלקבץ,יחיאל אלקבץ,
יניב_ביטון,יניב ביטון,יניב_ביטון
__name__:יניב מויאל,יניב מויאל,
יניב_סוויסה,יניב סוויסה,יניב_סוויסה
יסמין_עיון,יסמין עיון,יסמין_עיון
יעל_אביב,יעל אביב,יעל_אביב
יעל_אבקסיס,יעל אבקסיס,יעל_אבקסיס
__name__:יעל בן דור,יעל בן דור,
יעל_בר_זוהר,יעל בר זוהר,יעל_בר_זוהר
יעל_גרובגלס,יעל גרובגלס,יעל_גרובגלס
יעל_הדר,יעל הדר,יעל_הדר
יעל_טוקר,יעל טוקר,יעל_טוקר
יעל_טל,יעל טל,יעל_טל
יעל_לבנטל,יעל לבנטל,יעל_לבנטל
__name__:יעל מפציר בוצר,יעל מפציר בוצר,
יעל_פולמן,יעל פולמן,יעל_פולמן
יעל_פרל_בקר,יעל פרל בקר,יעל_פרל_בקר
יעל_רייך,יעל רייך,יעל_רייך
יעל_שטולמן,יעל שטולמן,יעל_שטולמן
יעל_שרוני,יעל שרוני,יעל_שרוני
יעקב_אלפרין,יעקב אלפרין,יעקב_אלפרין
יעקב_בודו,יעקב בודו,יעקב_בודו
יעקב_בן_סירא,יעקב בן סירא,יעקב_בן_סירא
יעקב_בן-סירא,יעקב בן-סירא,יעקב_בן-סירא
יעקב_בנאי,יעקב בנאי,יעקב_בנאי
יעקב_הלפרין,יעקב הלפרין,יעקב_הלפרין
יעקב_זדה-דניאל,יעקב זדה-דניאל,יעקב_זדה-דניאל
יעקב_כהן_(שחקן),יעקב כהן,יעקב_כהן_(שחקן)
יעקב_פרי,יעקב פרי,יעקב_פרי
יערה_פלציג,יערה פלציג,יערה_פלציג
יפה_לוי,יפה לוי,יפה_לוי
יפה_תוסיה_כהן,יפה תוסיה כהן,יפה_תוסיה_כהן
יפית_אסולין,יפית אסולין,יפית_אסולין
__name__:יפית שלו,יפית שלו,
__name__:יפעת ברסי,יפעת ברסי,
יפתח_אופיר,יפתח אופיר,יפתח_אופיר
יפתח_ספקטור,יפתח ספקטור,יפתח_ספקטור
יפתח_קליין,יפתח קליין,יפתח_קליין
יפתח_קצור,יפתח קצור,יפתח_קצור
יצחק_בן-נר,יצחק בן-נר,יצחק_בן-נר
יצחק_חביס,יצחק חביס,יצחק_חביס
יצחק_חזקיה,יצחק חזקיה,יצחק_חזקיה
יצחק_מיכאל_שילה,יצחק מיכאל שילה,יצחק_מיכאל_שילה
יצחק_נאמן,יצחק נאמן,יצחק_נאמן
__name__:יקי יושע,יקי יושע,
יקי_רייסנר,יקי רייסנר,יקי_רייסנר
ירדן_בר-כוכבא,ירדן בר-כוכבא,ירדן_בר-כוכבא
ירדן_תוסייה_כהן,ירדן תוסייה כהן,ירדן_תוסייה_כהן
ירדנה_ארזי,ירדנה ארזי,ירדנה_ארזי
ירון_ברובינסקי,ירון ברובינסקי,ירון_ברובינסקי
ירון_ברלד,ירון ברלד,ירון_ברלד
ירון_לוי_סבג,ירון לוי סבג,ירון_לוי_סבג
ירון_לונדון,ירון לונדון,ירון_לונדון
ירון_מוטולה,ירון מוטולה,ירון_מוטולה
ישי_גולן,ישי גולן,ישי_גולן
ישי_לפידות,ישי לפידות,ישי_לפידות
ישראל_אוגלבו,ישראל אוגלבו,ישראל_אוגלבו
ישראל_אטיאס,ישראל אטיאס,ישראל_אטיאס
ישראל_גוריון,ישראל גוריון,ישראל_גוריון
ישראל_דמידוב,ישראל דמידוב,ישראל_דמידוב
__name__:ישראל מאיר וולקן,ישראל מאיר וולקן,
ישראל_פוליאקוב,ישראל פוליאקוב,ישראל_פוליאקוב
כריסטופר_ווקן,כריסטופר ווקן,כריסטופר_ווקן
__name__:כריסטינה מרסיליה,כריסטינה מרסיליה,
כרמי_גילון,כרמי גילון,כרמי_גילון
כרמית_מסילתי,כרמית מסילתי,כרמית_מסילתי
כרמל_נצר,כרמל נצר,כרמל_נצר
__name__:לאה שנירר,לאה שנירר,
לאונרד_ויטינג,לאונרד ויטינג,לאונרד_ויטינג
לאורה_ריבלין,לאורה ריבלין,לאורה_ריבלין
לבן_סגינשווילי,לבן סגינשווילי,לבן_סגינשווילי
לבנה_פינקלשטיין,לבנה פינקלשטיין,לבנה_פינקלשטיין
לואי_נופי,לואי נופי,לואי_נופי
לוסי_אהריש,לוסי אהריש,לוסי_אהריש
לוסי_דובינצ'יק,לוסי דובינצ'יק,לוסי_דובינצ'יק
לורנס_הארווי,לורנס הארווי,לורנס_הארווי
לטי_גרובמן,לטי גרובמן,לטי_גרובמן
ליא_קניג,ליא קניג,ליא_קניג
ליאו_פילר,ליאו פילר,ליאו_פילר
ליאון_רוזנברג,ליאון רוזנברג,ליאון_רוזנברג
ליאור_אשכנזי,ליאור אשכנזי,ליאור_אשכנזי
ליאור_דובדבני,ליאור דובדבני,ליאור_דובדבני
ליאור_ייני,ליאור ייני,ליאור_ייני
__name__:ליאור סורוקה,ליאור סורוקה,
__name__:ליאורה לוי,ליאורה לוי,
__name__:ליאורה רימון,ליאורה רימון,
ליאל_דניר,ליאל דניר,ליאל_דניר
__name__:ליאם גולן,ליאם גולן,
ליאנה_עיון,ליאנה עיון,ליאנה_עיון
ליאת_אקטע,ליאת אקטע,ליאת_אקטע
ליאת_גליק,ליאת גליק,ליאת_גליק
ליה_אללוף,ליה אללוף,ליה_אללוף
__name__:ליה ברנט,ליה ברנט,
ליהי_קורנובסקי,ליהי קורנובסקי,ליהי_קורנובסקי
ליז_רביאן,ליז רביאן,ליז_רביאן
ליטל_שוורץ,ליטל שוורץ,ליטל_שוורץ
לייב_לב_לוין,לייב לב לוין,לייב_לב_לוין
לילית_נגר,לילית נגר,לילית_נגר
לימור_גולדשטיין,לימור גולדשטיין,לימור_גולדשטיין
לינור_אברג'יל,לינור אברג'יל,לינור_אברג'יל
ליר_כץ,ליר כץ,ליר_כץ
לירון_בן-שלוש,לירון בן-שלוש,לירון_בן-שלוש
לירון_וייסמן,לירון וייסמן,לירון_וייסמן
לירון_לב,לירון לב,לירון_לב
לירון_לבו,לירון לבו,לירון_לבו
__name__:לירז עוזרי,לירז עוזרי,
לירז_צ'רכי,לירז צ'רכי,לירז_צ'רכי
לירית_בלבן,לירית בלבן,לירית_בלבן
__name__:ללא,ללא,
למיס_עמאר,למיס עמאר,למיס_עמאר
לנה_אטינגר,לנה אטינגר,לנה_אטינגר
לנה_פרייפלד,לנה פרייפלד,לנה_פרייפלד
לני_כהן,לני כהן,לני_כהן
__name__:לשה רוזנברג,לשה רוזנברג,
מאור_כהן,מאור כהן,מאור_כהן
מאור_לוי_(שחקן),מאור לוי,מאור_לוי_(שחקן)
מאור_שוויצר,מאור שוויצר,מאור_שוויצר
מאיה_בוסקילה,מאיה בוסקילה,מאיה_בוסקילה
__name__:מאיה ורדזאולי,מאיה ורדזאולי,
__name__:מאיה כהן,מאיה כהן,
מאיה_מרון,מאיה מרון,מאיה_מרון
מאיסה_עבד_אלהאדי,מאיסה עבד אלהאדי,מאיסה_עבד_אלהאדי
מאיר_בנאי,מאיר בנאי,מאיר_בנאי
__name__:מאיר דסה,מאיר דסה,
מאיר_מרגלית,מאיר מרגלית,מאיר_מרגלית
מאיר_סוויסה,מאיר סוויסה,מאיר_סוויסה
מאיר_סויסה,מאיר סויסה,מאיר_סויסה
מאיר_פניגשטיין,מאיר פניגשטיין,מאיר_פניגשטיין
מארק_איווניר,מארק איווניר,מארק_איווניר
מארק_אליהו,מארק אליהו,מארק_אליהו
__name__:מאתייה אורטליב,מאתייה אורטליב,
מוחמד_בכרי,מוחמד בכרי,מוחמד_בכרי
__name__:מוחמד גזאוי,מוחמד גזאוי,
מוטי_בן_ישי,מוטי בן ישי,מוטי_בן_ישי
מוטי_ברכאן,מוטי ברכאן,מוטי_ברכאן
מוטי_גלעדי,מוטי גלעדי,מוטי_גלעדי
מולי_שולמן,מולי שולמן,מולי_שולמן
מונה_זילברשטיין,מונה זילברשטיין,מונה_זילברשטיין
מוני_מושונוב,מוני מושונוב,מוני_מושונוב
__name__:מוני מושונוב,מוני מושונוב,
מוניקה_טסלר,מוניקה טסלר,מוניקה_טסלר
מוסקו_אלקלעי,מוסקו אלקלעי,מוסקו_אלקלעי
מוקי,מוקי,מוקי
מור_חן,מור חן,מור_חן
מור_פולנוהר,מור פולנוהר,מור_פולנוהר
__name__:מוראד חסן,מוראד חסן,
מוריה_אקונס,מוריה אקונס,מוריה_אקונס
מורין_אמור,מורין אמור,מורין_אמור
מוריס_כהן_(שחקן),מוריס כהן,מוריס_כהן_(שחקן)
מורן_אטיאס,מורן אטיאס,מורן_אטיאס
__name__:מורן לולו,מורן לולו,
מורן_רוזנבלט,מורן רוזנבלט,מורן_רוזנבלט
מושון_אלבוחר,מושון אלבוחר,מושון_אלבוחר
__name__:מחמוד שלבי,מחמוד שלבי,
מי-רן_מנקס,מי-רן מנקס,מי-רן_מנקס
מיה_דגן,מיה דגן,מיה_דגן
__name__:מיטל ברדה,מיטל ברדה,
מיטל_גל_סויסה,מיטל גל סויסה,מיטל_גל_סויסה
מיטל_דוהן,מיטל דוהן,מיטל_דוהן
__name__:מיטל פארן,מיטל פארן,
מייק_בורשטיין,מייק בורשטיין,מייק_בורשטיין
מייקל_לואיס_(דוגמן),מייקל לואיס,מייקל_לואיס_(דוגמן)
מיכאל_אלוני,מיכאל אלוני,מיכאל_אלוני
__name__:מיכאל גלנסקי,מיכאל גלנסקי,
מיכאל_הנגבי,מיכאל הנגבי,מיכאל_הנגבי
__name__:מיכאל לרנר,מיכאל לרנר,
מיכאל_מושונוב,מיכאל מושונוב,מיכאל_מושונוב
__name__:מיכאל פלמן,מיכאל פלמן,
מיכאל_שילה,מיכאל שילה,מיכאל_שילה
מיכאלה_עשת,מיכאלה עשת,מיכאלה_עשת
מיכה_סלקטר,מיכה סלקטר,מיכה_סלקטר
__name__:מיכה רוזנקיאר,מיכה רוזנקיאר,
מיכל_אמדורסקי,מיכל אמדורסקי,מיכל_אמדורסקי
__name__:מיכל בת-אדם,מיכל בת-אדם,
מיכל_בת-אדם,מיכל בת-אדם,מיכל_בת-אדם
מיכל_ויינברג,מיכל ויינברג,מיכל_ויינברג
מיכל_זוארץ,מיכל זוארץ,מיכל_זוארץ
__name__:מיכל זיס,מיכל זיס,
__name__:מיכל טרבס,מיכל טרבס,
מיכל_ינאי,מיכל ינאי,מיכל_ינאי
מיכל_מוכתר,מיכל מוכתר,מיכל_מוכתר
__name__:מיכל פורס,מיכל פורס,
__name__:מיכל רנד,מיכל רנד,
מיכל_שטמלר,מיכל שטמלר,מיכל_שטמלר
מילי_אביטל,מילי אביטל,מילי_אביטל
מילי_עשת,מילי עשת,מילי_עשת
__name__:מיקה רייס,מיקה רייס,
מיקי_לאון,מיקי לאון,מיקי_לאון
מיקי_קם,מיקי קם,מיקי_קם
מירב_גרובר,מירב גרובר,מירב_גרובר
מירי_אלוני,מירי אלוני,מירי_אלוני
מירי_מסיקה,מירי מסיקה,מירי_מסיקה
מירי_פביאן,מירי פביאן,מירי_פביאן
מישא_אשרוב,מישא אשרוב,מישא_אשרוב
מישה_אשרוב,מישה אשרוב,מישה_אשרוב
__name__:מישל גוריאשוילי,מישל גוריאשוילי,
__name__:מישקה זילברשטיין,מישקה זילברשטיין,
מכרם_ח'ורי,מכרם ח'ורי,מכרם_ח'ורי
מלאני_גריפית',מלאני גריפית',מלאני_גריפית'
__name__:מלאני למברסקי,מלאני למברסקי,
מלאני_פרס,מלאני פרס,מלאני_פרס
מלי_לוי,מלי לוי,מלי_לוי
מלי_לוי_גרשון,מלי לוי גרשון,מלי_לוי_גרשון
מנדי_רייס-דייוויס,מנדי רייס-דייוויס,מנדי_רייס-דייוויס
מנואל_אלקסלסי_ורדי,מנואל אלקסלסי ורדי,מנואל_אלקסלסי_ורדי
מנחם_זילברמן,מנחם זילברמן,מנחם_זילברמן
מנחם_עיני,מנחם עיני,מנחם_עיני
מני_פאר,מני פאר,מני_פאר
מנשה_ורשבסקי,מנשה ורשבסקי,מנשה_ורשבסקי
מנשה_נוי,מנשה נוי,מנשה_נוי
__name__:מנשה נוי,מנשה נוי,
מעיין_בלום,מעיין בלום,מעיין_בלום
__name__:מעיין הרוש,מעיין הרוש,
מעיין_לאוב,מעיין לאוב,מעיין_לאוב
__name__:מעיין תורג'מן,מעיין תורג'מן,
מעין_וינשטוק,מעין וינשטוק,מעין_וינשטוק
__name__:מעין ערמני,מעין ערמני,
מקס_אולארצ'יק,מקס אולארצ'יק,מקס_אולארצ'יק
__name__:מקסים צ'רניך,מקסים צ'רניך,
__name__:מרגלית עובד,מרגלית עובד,
מרדכי_בן-זאב,מרדכי בן-זאב,מרדכי_בן-זאב
מרדכי_שפיגלר,מרדכי שפיגלר,מרדכי_שפיגלר
__name__:מרטין אוגובו,מרטין אוגובו,
מריאנו_אידלמן,מריאנו אידלמן,מריאנו_אידלמן
מריה_אובנוב,מריה אובנוב,מריה_אובנוב
__name__:מריה זריק,מריה זריק,
מרים_ברנשטיין-כהן,מרים ברנשטיין-כהן,מרים_ברנשטיין-כהן
מרים_גבריאלי,מרים גבריאלי,מרים_גבריאלי
מרים_זוהר,מרים זוהר,מרים_זוהר
מרלן_בג'אלי,מרלן בג'אלי,מרלן_בג'אלי
משה_איבגי,משה איבגי,משה_איבגי
משה_איש_כסית,משה איש כסית,משה_איש_כסית
משה_אשכנזי_(שחקן),משה אשכנזי,משה_אשכנזי_(שחקן)
משה_דץ,משה דץ,משה_דץ
__name__:משה ויידר,משה ויידר,
__name__:משה סולו,משה סולו,
משה_פולקנפליק,משה פולקנפליק,משה_פולקנפליק
משה_פרסטר,משה פרסטר,משה_פרסטר
__name__:משה קדם,משה קדם,
__name__:משי אולינסקי,משי אולינסקי,
משי_קלינשטיין,משי קלינשטיין,משי_קלינשטיין
מתי_אטלס,מתי אטלס,מתי_אטלס
מתי_סרי,מתי סרי,מתי_סרי
מתן_לקס,מתן לקס,מתן_לקס
__name__:נאוה זיו,נאוה זיו,
__name__:נאור ואטורי,נאור ואטורי,
נאיה_בינשטוק,נאיה בינשטוק,נאיה_בינשטוק
נאיה_פדרמן,נאיה פדרמן,נאיה_פדרמן
נבו_קמחי,נבו קמחי,נבו_קמחי
נדב_גדג',נדב גדג',נדב_גדג'
__name__:נדיה טיכונובה,נדיה טיכונובה,
נדיה_קוצ'ר,נדיה קוצ'ר,נדיה_קוצ'ר
__name__:נואית אב,נואית אב,
נואל_ברקוביץ',נואל ברקוביץ',נואל_ברקוביץ'
נוה_צור,נוה צור,נוה_צור
נווה_צור,נווה צור,נווה_צור
נוויד_נגהבאן,נוויד נגהבאן,נוויד_נגהבאן
נולי_עומר,נולי עומר,נולי_עומר
נוני_גפן,נוני גפן,נוני_גפן
נועה_ברקאי,נועה ברקאי,נועה_ברקאי
נועה_גולדברג,נועה גולדברג,נועה_גולדברג
נועה_מימן,נועה מימן,נועה_מימן
__name__:נועה מנדל,נועה מנדל,
נועה_קולר,נועה קולר,נועה_קולר
נועה_קירל,נועה קירל,נועה_קירל
נועה_קנולר,נועה קנולר,נועה_קנולר
נועם_אימבר,נועם אימבר,נועם_אימבר
נועם_קניאל,נועם קניאל,נועם_קניאל
__name__:נועם קפלן,נועם קפלן,
__name__:נועם שנהב,נועם שנהב,
__name__:נופר אוחיון,נופר אוחיון,
__name__:נופר אלדיס,נופר אלדיס,
__name__:נור פיבק,נור פיבק,
נורית_גלרון,נורית גלרון,נורית_גלרון
נורמן_עיסא,נורמן עיסא,נורמן_עיסא
נחום_שליט,נחום שליט,נחום_שליט
נחמה_הנדל,נחמה הנדל,נחמה_הנדל
נטלי_עטיה,נטלי עטיה,נטלי_עטיה
נטלי_פורטמן,נטלי פורטמן,נטלי_פורטמן
__name__:נטליה פאוסט,נטליה פאוסט,
נטע_גרטי,נטע גרטי,נטע_גרטי
נטע_מורן,נטע מורן,נטע_מורן
נטע_סובול,נטע סובול,נטע_סובול
נטע_רוט,נטע רוט,נטע_רוט
נטע_ריסקין,נטע ריסקין,נטע_ריסקין
נטע_שפיגלמן,נטע שפיגלמן,נטע_שפיגלמן
נטשה_מנור,נטשה מנור,נטשה_מנור
ניב_מג'ר,ניב מג'ר,ניב_מג'ר
__name__:ניב ניסים,ניב ניסים,
ניב_סולטן,ניב סולטן,ניב_סולטן
נילי_צרויה,נילי צרויה,נילי_צרויה
נינה_קוטלר,נינה קוטלר,נינה_קוטלר
__name__:נינט דינר,נינט דינר,
נינט_טייב,נינט טייב,נינט_טייב
ניסים_עזיקרי,ניסים עזיקרי,ניסים_עזיקרי
ניצה_שאול,ניצה שאול,ניצה_שאול
ניקי_גולדשטיין,ניקי גולדשטיין,ניקי_גולדשטיין
__name__:ניר ברק,ניר ברק,
ניר_לוי,ניר לוי,ניר_לוי
ניר_רון,ניר רון,ניר_רון
נירה_גל,נירה גל,נירה_גל
__name__:ניתאי גבירץ,ניתאי גבירץ,
__name__:נל ברלו,נל ברלו,
נלי_תגר,נלי תגר,נלי_תגר
נמרוד_הוכנברג,נמרוד הוכנברג,נמרוד_הוכנברג
נסים_סרוסי,נסים סרוסי,נסים_סרוסי
נסים_עזיקרי,נסים עזיקרי,נסים_עזיקרי
נעמה_אמית,נעמה אמית,נעמה_אמית
__name__:נעמה פרייס,נעמה פרייס,
__name__:נעמה פריס,נעמה פריס,
נעמה_שנדר,נעמה שנדר,נעמה_שנדר
נעמי_לבוב,נעמי לבוב,נעמי_לבוב
נצנת_מקונן,נצנת מקונן,נצנת_מקונן
__name__:נרונה דה מאסדו קפלן,נרונה דה מאסדו קפלן,
נתי_קלוגר,נתי קלוגר,נתי_קלוגר
נתי_רביץ,נתי רביץ,נתי_רביץ
נתן_גושן,נתן גושן,נתן_גושן
נתן_דטנר,נתן דטנר,נתן_דטנר
נתן_זהבי,נתן זהבי,נתן_זהבי
נתן_כוגן,נתן כוגן,נתן_כוגן
__name__:נתן מגד,נתן מגד,
__name__:נתן נתנזון,נתן נתנזון,
נתן_רביץ,נתן רביץ,נתן_רביץ
סאלח_בכרי,סאלח בכרי,סאלח_בכרי
__name__:סאמר קופטי,סאמר קופטי,
סוהיל_חדאד,סוהיל חדאד,סוהיל_חדאד
סוול_אריאל_אור,סוול אריאל אור,סוול_אריאל_אור
__name__:סוזי לקלר,סוזי לקלר,
סטיבן_דורף,סטיבן דורף,סטיבן_דורף
סי_היימן,סי היימן,סי_היימן
__name__:סיביל דאנינג,סיביל דאנינג,
סיגלית_פוקס,סיגלית פוקס,סיגלית_פוקס
סיון_לוי,סיון לוי,סיון_לוי
סיון_נועם_שמעון,סיון נועם שמעון,סיון_נועם_שמעון
__name__:סייבונגה מלונגיסי,סייבונגה מלונגיסי,
__name__:סילבי קון,סילבי קון,
__name__:סילביה דרורי,סילביה דרורי,
__name__:סילביה הוקס,סילביה הוקס,
סימה_אליהו,סימה אליהו,סימה_אליהו
סימה_ברמי,סימה ברמי,סימה_ברמי
סימון_אבקריאן,סימון אבקריאן,סימון_אבקריאן
__name__:סימון בנימיני,סימון בנימיני,
__name__:סימור דניאל,סימור דניאל,
סלווה_נקארה,סלווה נקארה,סלווה_נקארה
סלים_דאו,סלים דאו,סלים_דאו
__name__:סמדי וולפמן,סמדי וולפמן,
סמדר_סייר,סמדר סייר,סמדר_סייר
סמדר_קילצ'ינסקי,סמדר קילצ'ינסקי,סמדר_קילצ'ינסקי
סמי_הורי,סמי הורי,סמי_הורי
סמי_סמיר,סמי סמיר,סמי_סמיר
__name__:סמירה סארייה,סמירה סארייה,
סמנתה_מורטון,סמנתה מורטון,סמנתה_מורטון
סנדי_בר,סנדי בר,סנדי_בר
סנדרה_שדה,סנדרה שדה,סנדרה_שדה
__name__:ססיליה פק,ססיליה פק,
__name__:סעיד דסוקי,סעיד דסוקי,
סער_בדישי,סער בדישי,סער_בדישי
ספי_ריבלין,ספי ריבלין,ספי_ריבלין
__name__:ספיר יוסף,ספיר יוסף,
__name__:סרין סאנוסיאן,סרין סאנוסיאן,
סשה_אגרונוב,סשה אגרונוב,סשה_אגרונוב
עבדאללה_עקל,עבדאללה עקל,עבדאללה_עקל
__name__:עדי אבן טוב,עדי אבן טוב,
עדי_אלון,עדי אלון,עדי_אלון
עדי_בילסקי,עדי בילסקי,עדי_בילסקי
עדי_גילת,עדי גילת,עדי_גילת
עדי_הימלבלוי,עדי הימלבלוי,עדי_הימלבלוי
עדי_חבשוש,עדי חבשוש,עדי_חבשוש
עדי_עזרוני,עדי עזרוני,עדי_עזרוני
__name__:עדן חלילי,עדן חלילי,
עדן_סבן,עדן סבן,עדן_סבן
עדנה_בליליוס,עדנה בליליוס,עדנה_בליליוס
עדנה_פלידל,עדנה פלידל,עדנה_פלידל
עודד_לאופולד,עודד לאופולד,עודד_לאופולד
עודד_מנסטר,עודד מנסטר,עודד_מנסטר
עודד_פז,עודד פז,עודד_פז
עודד_קוטלר,עודד קוטלר,עודד_קוטלר
עודד_תאומי,עודד תאומי,עודד_תאומי
עוז_זהבי,עוז זהבי,עוז_זהבי
עומר_ברנע,עומר ברנע,עומר_ברנע
__name__:עומר דהן,עומר דהן,
עומר_דרור,עומר דרור,עומר_דרור
__name__:עומר הברון,עומר הברון,
עומר_חזן,עומר חזן,עומר_חזן
עומר_נודלמן,עומר נודלמן,עומר_נודלמן
גבריאל_עמרי_לוקאס,עומרי לוקאס,גבריאל_עמרי_לוקאס
עופר_חיון,עופר חיון,עופר_חיון
עופר_שכטר,עופר שכטר,עופר_שכטר
עזרא_דגן,עזרא דגן,עזרא_דגן
עזריה_רפפורט,עזריה רפפורט,עזריה_רפפורט
עידו_טאקו,עידו טאקו,עידו_טאקו
עידו_לב,עידו לב,עידו_לב
עידו_מוסרי,עידו מוסרי,עידו_מוסרי
עידו_תדמור,עידו תדמור,עידו_תדמור
עידית_טפרסון,עידית טפרסון,עידית_טפרסון
אלכסיי_סרבריאקוב,"עידית טפרסון, אלכסיי סרבריאקוב",אלכסיי_סרבריאקוב
עידית_צור,עידית צור,עידית_צור
עידן_אלתרמן,עידן אלתרמן,עידן_אלתרמן
__name__:עידן ברדך,עידן ברדך,
עידן_ברקאי,עידן ברקאי,עידן_ברקאי
עידן_עמדי,עידן עמדי,עידן_עמדי
__name__:עידן שרוקה,עידן שרוקה,
__name__:עינב מרקל,עינב מרקל,
עינת_ויצמן,עינת ויצמן,עינת_ויצמן
עינת_שרוף,עינת שרוף,עינת_שרוף
__name__:עירית גדרון,עירית גדרון,
__name__:עירית זוהר,עירית זוהר,
עירית_פרנק,עירית פרנק,עירית_פרנק
עירית_קפלן,עירית קפלן,עירית_קפלן
עירית_שילה,עירית שילה,עירית_שילה
עירית_שלג,עירית שלג,עירית_שלג
עלא_דקה,עלא דקה,עלא_דקה
__name__:עלאי אלמודי,עלאי אלמודי,
עלי_נאסר,עלי נאסר,עלי_נאסר
עלי_סולימאן,עלי סולימאן,עלי_סולימאן
עלי_סלימאן,עלי סלימאן,עלי_סלימאן
עליזה_רוזן,עליזה רוזן,עליזה_רוזן
עלית_קרייז,עלית קרייז,עלית_קרייז
עלמה_זק,עלמה זק,עלמה_זק
__name__:עמאל בויראט,עמאל בויראט,
__name__:עמוס גיתאי,עמוס גיתאי,
עמוס_לביא,עמוס לביא,עמוס_לביא
עמוס_מוקדי,עמוס מוקדי,עמוס_מוקדי
עמוס_שוב,עמוס שוב,עמוס_שוב
עמוס_תמם,עמוס תמם,עמוס_תמם
עמי_אילון,עמי אילון,עמי_אילון
עמי_אנידג'ר,עמי אנידג'ר,עמי_אנידג'ר
עמי_ויינברג,עמי ויינברג,עמי_ויינברג
עמי_טראוב,עמי טראוב,עמי_טראוב
עמי_סמולרצ'יק,עמי סמולרצ'יק,עמי_סמולרצ'יק
__name__:עמירם עיני,עמירם עיני,
עמירן_דביר,עמירן דביר,עמירן_דביר
__name__:עמית אולמן,עמית אולמן,
עמית_יגור,עמית יגור,עמית_יגור
עמית_מורשת,עמית מורשת,עמית_מורשת
__name__:עמית מושקוביץ,עמית מושקוביץ,
עמית_פרקש,עמית פרקש,עמית_פרקש
עמית_רהב,עמית רהב,עמית_רהב
עמנואל_הורי,עמנואל הורי,עמנואל_הורי
עמנואל_הלפרין,עמנואל הלפרין,עמנואל_הלפרין
__name__:עמרי גבעון,עמרי גבעון,
__name__:עמרי פירר,עמרי פירר,
__name__:ענבל גלאם,ענבל גלאם,
__name__:ענבר סוירפמן,ענבר סוירפמן,
ענת_וקסמן,ענת וקסמן,ענת_וקסמן
__name__:ענת לירי,ענת לירי,
ענת_עצמון,ענת עצמון,ענת_עצמון
ענת_צחור,ענת צחור,ענת_צחור
ענת_קלאוזנר,ענת קלאוזנר,ענת_קלאוזנר
__name__:עפר גרינברג,עפר גרינברג,
עפר_שכטר,עפר שכטר,עפר_שכטר
עפרה_וינגרטן,עפרה וינגרטן,עפרה_וינגרטן
עפרה_חזה,עפרה חזה,עפרה_חזה
ערן_איוניר,ערן איוניר,ערן_איוניר
ערן_בן_זאב,ערן בן זאב,ערן_בן_זאב
__name__:ערן בן-צבי,ערן בן-צבי,
ערן_מור,ערן מור,ערן_מור
__name__:פאטה גוליאשווילי ו,פאטה גוליאשווילי ו,
פאני_ארדן,פאני ארדן,פאני_ארדן
פאני_לוביץ',פאני לוביץ',פאני_לוביץ'
פול_ל._סמית',פול ל. סמית',פול_ל._סמית'
פול_סמית,פול סמית,פול_סמית
פולי_רשף,פולי רשף,פולי_רשף
פטריק_סטיוארט,פטריק סטיוארט,פטריק_סטיוארט
__name__:פיני גואטה,פיני גואטה,
פיני_טבגר,פיני טבגר,פיני_טבגר
פלד_(ראפר),פלד,פלד_(ראפר)
פלורנס_בלוך,פלורנס בלוך,פלורנס_בלוך
פנינה_רוזנבלום,פנינה רוזנבלום,פנינה_רוזנבלום
פסח_בר_אדון,פסח בר אדון,פסח_בר_אדון
פרנקו_נרו,פרנקו נרו,פרנקו_נרו
__name__:פרפילאב מונגוזה,פרפילאב מונגוזה,
__name__:צ'ינו אלמיזרק,צ'ינו אלמיזרק,
__name__:צבי קורמן,צבי קורמן,
__name__:צבי שיסל,צבי שיסל,
צבי_שיסל,צבי שיסל,צבי_שיסל
צביקה_הדר,צביקה הדר,צביקה_הדר
צביקה_פיק,צביקה פיק,צביקה_פיק
צביקה_שוורצברג,צביקה שוורצברג,צביקה_שוורצברג
צופית_גרנט,צופית גרנט,צופית_גרנט
__name__:צח כהן,צח כהן,
צח_שפיצן,צח שפיצן,צח_שפיצן
צחי_גראד,צחי גראד,צחי_גראד
__name__:צחי גראד,צחי גראד,
צחי_הלוי,צחי הלוי,צחי_הלוי
צחי_נוי,צחי נוי,צחי_נוי
__name__:צחי סדן,צחי סדן,
ציון_אשכנזי,ציון אשכנזי,ציון_אשכנזי
ציון_ברוך,ציון ברוך,ציון_ברוך
ציפי_שביט,ציפי שביט,ציפי_שביט
קאיפו_כהן,קאיפו כהן,קאיפו_כהן
קובי_מאור,קובי מאור,קובי_מאור
__name__:קובי סויסה,קובי סויסה,
קובי_פרג',קובי פרג',קובי_פרג'
קווין_רובין,קווין רובין,קווין_רובין
__name__:קוסטה קפלן,קוסטה קפלן,
קלאוס_קינסקי,קלאוס קינסקי,קלאוס_קינסקי
קלרה_ח'ורי,קלרה ח'ורי,קלרה_ח'ורי
__name__:קרולניה רודריגז נרנג'ו,קרולניה רודריגז נרנג'ו,
קרן_ברגר,קרן ברגר,קרן_ברגר
קרן_מור,קרן מור,קרן_מור
קת'לין_קווינלן,קת'לין קווינלן,קת'לין_קווינלן
__name__:קתז'ינה לוביק,קתז'ינה לוביק,
__name__:קתרינה ולסנקו,קתרינה ולסנקו,
__name__:ראובן בדלוב,ראובן בדלוב,
ראובן_בר_יותם,ראובן בר יותם,ראובן_בר_יותם
__name__:ראובן בר יותם,ראובן בר יותם,
ראובן_בר-יותם,ראובן בר-יותם,ראובן_בר-יותם
__name__:ראובן בר-יותם,ראובן בר-יותם,
ראובן_דיין,ראובן דיין,ראובן_דיין
__name__:ראובן טדורס,ראובן טדורס,
ראידה_אדון,ראידה אדון,ראידה_אדון
רבקה_בכר,רבקה בכר,רבקה_בכר
רבקה_מיכאלי,רבקה מיכאלי,רבקה_מיכאלי
רבקה_נוימן,רבקה נוימן,רבקה_נוימן
__name__:רואי אלסברג,רואי אלסברג,
רובא_בלאל-עספור,רובא בלאל-עספור,רובא_בלאל-עספור
רובי_פורת_שובל,רובי פורת שובל,רובי_פורת_שובל
__name__:רובין רנוצ'י,רובין רנוצ'י,
__name__:רוברט שואו,רוברט שואו,
רוברטו_פולק,רוברטו פולק,רוברטו_פולק
רודי_סעדה,רודי סעדה,רודי_סעדה
__name__:רווית זוהר,רווית זוהר,
רוזינה_קמבוס,רוזינה קמבוס,רוזינה_קמבוס
רוזמונד_פייק,רוזמונד פייק,רוזמונד_פייק
רוי_מילר,רוי מילר,רוי_מילר
__name__:רוי קרניאל,רוי קרניאל,
רומי_אבולעפיה,רומי אבולעפיה,רומי_אבולעפיה
רומי_אבירם,רומי אבירם,רומי_אבירם
__name__:רומן אילין,רומן אילין,
__name__:רומן גרשקוביץ',רומן גרשקוביץ',
רון_שחר,רון שחר,רון_שחר
__name__:רונאלד אוקרופירידזה,רונאלד אוקרופירידזה,
רוני_דלומי,רוני דלומי,רוני_דלומי
רוני_הדר,רוני הדר,רוני_הדר
רוני_פינקוביץ',רוני פינקוביץ',רוני_פינקוביץ'
__name__:רוני קדר,רוני קדר,
רונית_אלקבץ,רונית אלקבץ,רונית_אלקבץ
__name__:רונית אלקבץ,רונית אלקבץ,
רונית_יודקביץ',רונית יודקביץ',רונית_יודקביץ'
__name__:רונית כץ,רונית כץ,
רונית_פורת_(שחקנית),רונית פורת,רונית_פורת_(שחקנית)
__name__:רונית פלד,רונית פלד,
רונלד_זרפלד,רונלד זרפלד,רונלד_זרפלד
__name__:רועי אלה,רועי אלה,
רועי_אסף,רועי אסף,רועי_אסף
__name__:רועי אסף,רועי אסף,
רועי_בר_נתן,רועי בר נתן,רועי_בר_נתן
רועי_בר-נתן,רועי בר-נתן,רועי_בר-נתן
רועי_ויינברג,רועי ויינברג,רועי_ויינברג
רועי_ניק,רועי ניק,רועי_ניק
רועי_שגב,רועי שגב,רועי_שגב
רות_דורון,רות דורון,רות_דורון
רות_סגל,רות סגל,רות_סגל
רות_פרחי,רות פרחי,רות_פרחי
רותי_אסרסאי,רותי אסרסאי,רותי_אסרסאי
__name__:רותי גולדברג,רותי גולדברג,
__name__:רותי לנדאו,רותי לנדאו,
רותם_אבוהב,רותם אבוהב,רותם_אבוהב
רותם_זיסמן_כהן,רותם זיסמן כהן,רותם_זיסמן_כהן
רותם_זיסמן-כהן,רותם זיסמן-כהן,רותם_זיסמן-כהן
רותם_סלע,רותם סלע,רותם_סלע
רותם_קינן,רותם קינן,רותם_קינן
רז_זהבי,רז זהבי,רז_זהבי
__name__:רז מזרחי,רז מזרחי,
רזיה_ישראלי,רזיה ישראלי,רזיה_ישראלי
רחל_אטאס,רחל אטאס,רחל_אטאס
רחל_דיין_(שחקנית),רחל דיין,רחל_דיין_(שחקנית)
__name__:רחל דיין,רחל דיין,
ריטה,ריטה,ריטה
ריטה_זוהר,ריטה זוהר,ריטה_זוהר
ריטה_שוקרון,ריטה שוקרון,ריטה_שוקרון
ריימונד_אבקסיס,ריימונד אבקסיס,ריימונד_אבקסיס
ריימונד_אמסלם,ריימונד אמסלם,ריימונד_אמסלם
רינה_גנור,רינה גנור,רינה_גנור
רינת_מטטוב,רינת מטטוב,רינת_מטטוב
ריף_כהן,ריף כהן,ריף_כהן
ריצ'רד_ראונדטרי,ריצ'רד ראונדטרי,ריצ'רד_ראונדטרי
ריקי_בליך,ריקי בליך,ריקי_בליך
ריקי_גל,ריקי גל,ריקי_גל
__name__:ריקי רייף סיני,ריקי רייף סיני,
רמי_ברוך,רמי ברוך,רמי_ברוך
__name__:רמי דוידוף,רמי דוידוף,
רמי_דנון,רמי דנון,רמי_דנון
רמי_הויברגר,רמי הויברגר,רמי_הויברגר
רמי_קאשי,רמי קאשי,רמי_קאשי
רן_דנקר,רן דנקר,רן_דנקר
רן_יגיל,רן יגיל,רן_יגיל
רני_בלייר,רני בלייר,רני_בלייר
רעות_אלוש,רעות אלוש,רעות_אלוש
__name__:רפאל גרינשטיין,רפאל גרינשטיין,
רפאל_קלצ'קין,רפאל קלצ'קין,רפאל_קלצ'קין
רפי_נלסון,רפי נלסון,רפי_נלסון
__name__:רפי קלמר,רפי קלמר,
רפי_רותם,רפי רותם,רפי_רותם
רפי_תבור,רפי תבור,רפי_תבור
שאדי_מרעי,שאדי מרעי,שאדי_מרעי
שאול_מזרחי,שאול מזרחי,שאול_מזרחי
__name__:שאול שלחין,שאול שלחין,
שבתאי_קונורטי,שבתאי קונורטי,שבתאי_קונורטי
__name__:שוהן ישורון,שוהן ישורון,
שולה_רווח,שולה רווח,שולה_רווח
__name__:שולי רנד,שולי רנד,
שולי_רנד,שולי רנד,שולי_רנד
__name__:שולמית ארד,שולמית ארד,
__name__:שון גיטלמן,שון גיטלמן,
__name__:שושה גור,שושה גור,
שושיק_שני,שושיק שני,שושיק_שני
שושנה_דואר,שושנה דואר,שושנה_דואר
שושנה_דמארי,שושנה דמארי,שושנה_דמארי
שושנה_שני,שושנה שני,שושנה_שני
שחר_ישי,שחר ישי,שחר_ישי
__name__:שחר כרמל,שחר כרמל,
שחר_סגל_(במאי),שחר סגל,שחר_סגל_(במאי)
__name__:שחר פרץ,שחר פרץ,
שי_אביבי,שי אביבי,שי_אביבי
שי_ורועי,שי ורועי,שי_ורועי
שייע_פייגנבוים,שייע פייגנבוים,שייע_פייגנבוים
שייקה_אופיר,שייקה אופיר,שייקה_אופיר
__name__:שייקה אופיר,שייקה אופיר,
שייקה_לוי,שייקה לוי,שייקה_לוי
שירה_גפן,שירה גפן,שירה_גפן
שירה_האס,שירה האס,שירה_האס
שירה_לוי,שירה לוי,שירה_לוי
שירה_נאור,שירה נאור,שירה_נאור
שירה_קצנלנבוגן,שירה קצנלנבוגן,שירה_קצנלנבוגן
__name__:שירז אדרי,שירז אדרי,
שירי_גדני,שירי גדני,שירי_גדני
שירן_סנדל,שירן סנדל,שירן_סנדל
שלום_אסייג,שלום אסייג,שלום_אסייג
שלום_חנוך,שלום חנוך,שלום_חנוך
שלום_מיכאלשווילי,שלום מיכאלשווילי,שלום_מיכאלשווילי
__name__:שלומי אבקריאן,שלומי אבקריאן,
שלומי_ארבע,שלומי ארבע,שלומי_ארבע
שלומי_קוריאט,שלומי קוריאט,שלומי_קוריאט
שלומי_שבן,שלומי שבן,שלומי_שבן
שלישיית_הגשש_החיוור,שלישיית הגשש החיוור,שלישיית_הגשש_החיוור
שלמה_ארצי,שלמה ארצי,שלמה_ארצי
שלמה_בר-שביט,שלמה בר-שביט,שלמה_בר-שביט
שלמה_בראבא,שלמה בראבא,שלמה_בראבא
שלמה_גולדברג,שלמה גולדברג,שלמה_גולדברג
שלמה_וישינסקי,שלמה וישינסקי,שלמה_וישינסקי
__name__:שלמה יעקבי,שלמה יעקבי,
שלמה_תרשיש,שלמה תרשיש,שלמה_תרשיש
שמואל_אדלמן,שמואל אדלמן,שמואל_אדלמן
שמואל_וולף,שמואל וולף,שמואל_וולף
שמואל_וילוז'ני,שמואל וילוז'ני,שמואל_וילוז'ני
שמואל_סגל_(שחקן),שמואל סגל,שמואל_סגל_(שחקן)
שמואל_עצמון,שמואל עצמון,שמואל_עצמון
__name__:שמואל פולר,שמואל פולר,
שמואל_קלדרון,שמואל קלדרון,שמואל_קלדרון
שמואל_רודנסקי,שמואל רודנסקי,שמואל_רודנסקי
__name__:שמוליק כהן,שמוליק כהן,
שמוליק_לוי,שמוליק לוי,שמוליק_לוי
שמוליק_קראוס,שמוליק קראוס,שמוליק_קראוס
שמיל_בן_ארי,שמיל בן ארי,שמיל_בן_ארי
שמיל_בן-ארי,שמיל בן-ארי,שמיל_בן-ארי
שמעון_ישראלי,שמעון ישראלי,שמעון_ישראלי
שמעון_מימרן,שמעון מימרן,שמעון_מימרן
שמעון_פינקל,שמעון פינקל,שמעון_פינקל
שמרית_לוסטיג,שמרית לוסטיג,שמרית_לוסטיג
__name__:שני בן חיים,שני בן חיים,
שני_כהן,שני כהן,שני_כהן
שני_קליין,שני קליין,שני_קליין
שראל_פיטרמן,שראל פיטרמן,שראל_פיטרמן
שרגא_הרפז,שרגא הרפז,שרגא_הרפז
שרגא_פרידמן,שרגא פרידמן,שרגא_פרידמן
שרדי_ג'בארין,שרדי ג'בארין,שרדי_ג'בארין
שרה_אדלר,שרה אדלר,שרה_אדלר
שרה_פון_שוורצה,שרה פון שוורצה,שרה_פון_שוורצה
שרון_אלימלך,שרון אלימלך,שרון_אלימלך
שרון_אלכסנדר,שרון אלכסנדר,שרון_אלכסנדר
__name__:שרון בראדלי,שרון בראדלי,
__name__:שרון ברק,שרון ברק,
שרון_הכהן,שרון הכהן,שרון_הכהן
שרון_הכהן-בר,שרון הכהן-בר,שרון_הכהן-בר
שרון_זליקובסקי,שרון זליקובסקי,שרון_זליקובסקי
שרון_חזיז,שרון חזיז,שרון_חזיז
שרון_טל,שרון טל,שרון_טל
__name__:שרון פרידמן,שרון פרידמן,
__name__:שרון צוקרמן,שרון צוקרמן,
שרון_צור,שרון צור,שרון_צור
__name__:שרון קילצ'ינסקי,שרון קילצ'ינסקי,
שרון_רג'יניאנו,שרון רג'יניאנו,שרון_רג'יניאנו
שרון_שטרק,שרון שטרק,שרון_שטרק
שרונה_אלימלך,שרונה אלימלך,שרונה_אלימלך
שרית_לארי,שרית לארי,שרית_לארי
שרלין_חזיזה,שרלין חזיזה,שרלין_חזיזה
ששון_גבאי,ששון גבאי,ששון_גבאי
ששי_גז,ששי גז,ששי_גז
ששי_סעד,ששי סעד,ששי_סעד
ששי_קשת,ששי קשת,ששי_קשת
תאופיק_ברהום,תאופיק ברהום,תאופיק_ברהום
תאמר_נפאר,תאמר נפאר,תאמר_נפאר
תובל_שפיר,תובל שפיר,תובל_שפיר
תום_אבני,תום אבני,תום_אבני
תומאס_ג'יין,תומאס ג'יין,תומאס_ג'יין
תומר_חמד,תומר חמד,תומר_חמד
תומר_קפון,תומר קפון,תומר_קפון
תומר_רוסו,תומר רוסו,תומר_רוסו
תומר_שחורי,תומר שחורי,תומר_שחורי
__name__:תומר שטיינהוף,תומר שטיינהוף,
תומר_שרון,תומר שרון,תומר_שרון
תחיה_דנון,תחיה דנון,תחיה_דנון
__name__:תיעודי,תיעודי,
תיקי_דיין,תיקי דיין,תיקי_דיין
__name__:תכלת סמל,תכלת סמל,
תמי_ספיבק,תמי ספיבק,תמי_ספיבק
__name__:תמי צפרוני,תמי צפרוני,
__name__:תמיר ביידר,תמיר ביידר,
תמיר_גינזבורג,תמיר גינזבורג,תמיר_גינזבורג
__name__:תמיר מולא,תמיר מולא,
תמר_אלקן,תמר אלקן,תמר_אלקן
__name__:תמר זובידה,תמר זובידה,
__name__:תמר ירושלמי,תמר ירושלמי,
תמר_קינן,תמר קינן,תמר_קינן
__name__:תמרה סמסונוב,תמרה סמסונוב,
תמרה_קלינגון,תמרה קלינגון,תמרה_קלינגון
תקוה_עזיז,תקוה עזיז,תקוה_עזיז
__name__:תקווה מור,תקווה מור,
